market,region,country,state,city,total_orders,total_quantity,total_revenue,total_profit,average_discount
Africa,Africa,Algeria,Alger,Algiers,27,117,9268.00,2633.28,0.00
Africa,Africa,Algeria,Annaba,Annaba,6,42,2922.00,445.35,0.00
Africa,Africa,Algeria,Batna,Barika,2,5,239.00,21.33,0.00
Africa,Africa,Algeria,Batna,Batna,4,18,1733.00,385.56,0.00
Africa,Africa,Algeria,Bechar,Bechar,2,3,150.00,27.93,0.00
Africa,Africa,Algeria,Bejaia,Bejaia,2,15,632.00,233.34,0.00
Africa,Africa,Algeria,Constantine,Constantine,10,19,1573.00,339.60,0.00
Africa,Africa,Algeria,Djelfa,"Ain Oussera",2,6,238.00,52.41,0.00
Africa,Africa,Algeria,Djelfa,"Dar Chioukh",1,1,26.00,10.80,0.00
Africa,Africa,Algeria,Djelfa,Messaad,2,17,1254.00,256.08,0.00
Africa,Africa,Algeria,Guelma,Guelma,5,20,3666.00,482.34,0.00
Africa,Africa,Algeria,Laghouat,Laghouat,2,6,799.00,275.31,0.00
Africa,Africa,Algeria,Medea,Medea,1,4,123.00,9.72,0.00
Africa,Africa,Algeria,Mostaganem,Mostaganem,3,16,439.00,67.50,0.00
Africa,Africa,Algeria,Oran,Oran,15,104,7280.00,2403.06,0.00
Africa,Africa,Algeria,Saida,Saida,3,28,3525.00,1034.04,0.00
Africa,Africa,Algeria,"Sidi Bel Abbes","Sidi Bel Abbes",1,2,569.00,98.67,0.00
Africa,Africa,Algeria,Skikda,Skikda,2,15,635.00,153.39,0.00
Africa,Africa,Algeria,Tipaza,Baraki,2,8,679.00,109.95,0.00
Africa,Africa,Algeria,"Tizi Ouzou",Boghni,1,2,199.00,42.00,0.00
Africa,Africa,Algeria,Tlemcen,Tlemcen,1,4,84.00,14.10,0.00
Africa,Africa,Angola,Benguela,Benguela,7,50,6083.00,1042.80,0.00
Africa,Africa,Angola,Bie,Kuito,2,11,885.00,123.48,0.00
Africa,Africa,Angola,Huambo,Huambo,10,68,3051.00,945.42,0.00
Africa,Africa,Angola,Huila,Lubango,1,1,653.00,169.68,0.00
Africa,Africa,Angola,Luanda,Luanda,38,178,14679.00,4157.91,0.00
Africa,Africa,Angola,Malanje,Malanje,1,6,137.00,37.77,0.00
Africa,Africa,Angola,Namibe,Namibe,1,3,63.00,17.91,0.00
Africa,Africa,Benin,Alibori,Kandi,2,6,269.00,33.84,0.00
Africa,Africa,Benin,Atakora,Natitingou,2,5,573.00,248.49,0.00
Africa,Africa,Benin,Atlantique,Ouidah,1,4,71.00,21.36,0.00
Africa,Africa,Benin,Borgou,Parakou,1,4,364.00,24.78,0.00
Africa,Africa,Benin,Donga,Djougou,2,7,906.00,154.77,0.00
Africa,Africa,Benin,Littoral,Cotonou,9,22,1858.00,505.53,0.00
Africa,Africa,Benin,Mono,Lokossa,2,3,44.00,12.60,0.00
Africa,Africa,Benin,Ouémé,Porto-Novo,4,15,2130.00,347.82,0.00
Africa,Africa,Burundi,Bujumbura-Mairie,Bujumbura,2,4,268.00,103.08,0.00
Africa,Africa,Cameroon,Adamaoua,Ngaoundere,5,11,773.00,81.75,0.00
Africa,Africa,Cameroon,Centre,Yaounde,21,108,12154.00,3719.55,0.00
Africa,Africa,Cameroon,Est,Bertoua,5,8,1345.00,265.74,0.00
Africa,Africa,Cameroon,Extreme-Nord,Maroua,2,2,127.00,35.64,0.00
Africa,Africa,Cameroon,Littoral,Edea,2,2,149.00,51.09,0.00
Africa,Africa,Cameroon,Littoral,Loum,1,2,194.00,52.44,0.00
Africa,Africa,Cameroon,Littoral,Nkongsamba,4,7,504.00,100.77,0.00
Africa,Africa,Cameroon,Nord,Garoua,10,51,1934.00,481.11,0.00
Africa,Africa,Cameroon,Nord-Ouest,Bamenda,6,9,1087.00,123.66,0.00
Africa,Africa,Cameroon,Ouest,Bafoussam,2,4,169.00,19.41,0.00
Africa,Africa,Cameroon,Ouest,Foumban,5,15,3017.00,474.60,0.00
Africa,Africa,Cameroon,Sud,Ebolowa,1,2,513.00,185.40,0.00
Africa,Africa,Cameroon,Sud-Ouest,Kumba,1,6,279.00,68.10,0.00
Africa,Africa,Cameroon,Sud-Ouest,Limbe,1,1,110.00,5.49,0.00
Africa,Africa,"Central African Republic",Bangui,Bangui,4,15,2376.00,468.54,0.00
Africa,Africa,Chad,Mandoul,Koumra,1,11,1317.00,90.00,0.00
Africa,Africa,"Cote d'Ivoire","Dix-Huit Montagnes",Man,1,5,743.00,147.33,0.00
Africa,Africa,"Cote d'Ivoire",Fromager,Gagnoa,2,7,1341.00,218.28,0.00
Africa,Africa,"Cote d'Ivoire",Haut-Sassandra,Daloa,2,14,2196.00,76.29,0.00
Africa,Africa,"Cote d'Ivoire",Lacs,Yamoussoukro,2,13,1647.00,240.60,0.00
Africa,Africa,"Cote d'Ivoire",Lagunes,Abidjan,32,162,15885.00,4571.16,0.00
Africa,Africa,"Cote d'Ivoire",Savanes,Korhogo,1,2,239.00,83.46,0.00
Africa,Africa,"Cote d'Ivoire","Vallee Du Bandama",Bouake,7,41,3260.00,967.86,0.00
Africa,Africa,"Democratic Republic of the Congo",Bandundu,Bandundu,4,33,657.00,165.18,0.00
Africa,Africa,"Democratic Republic of the Congo",Bandundu,Kikwit,5,11,955.00,176.58,0.00
Africa,Africa,"Democratic Republic of the Congo",Bas-Congo,Matadi,3,7,337.00,62.97,0.00
Africa,Africa,"Democratic Republic of the Congo",Equateur,Mbandaka,5,26,2240.00,659.70,0.00
Africa,Africa,"Democratic Republic of the Congo",Kasai-Occidental,Kananga,14,38,6079.00,1880.40,0.00
Africa,Africa,"Democratic Republic of the Congo",Kasai-Oriental,Mbuji-mayi,13,59,4860.00,887.37,0.00
Africa,Africa,"Democratic Republic of the Congo",Katanga,Kalemie,5,50,5881.00,2007.87,0.00
Africa,Africa,"Democratic Republic of the Congo",Katanga,Kamina,1,6,3817.00,1068.66,0.00
Africa,Africa,"Democratic Republic of the Congo",Katanga,Kolwezi,12,63,3060.00,654.51,0.00
Africa,Africa,"Democratic Republic of the Congo",Katanga,Likasi,7,24,2616.00,394.71,0.00
Africa,Africa,"Democratic Republic of the Congo",Katanga,Lubumbashi,9,48,9961.00,2911.80,0.00
Africa,Africa,"Democratic Republic of the Congo",Kinshasa,Kinshasa,96,457,42533.00,9976.26,0.00
Africa,Africa,"Democratic Republic of the Congo",Maniema,Kindu,2,14,859.00,249.81,0.00
Africa,Africa,"Democratic Republic of the Congo",Orientale,Kisangani,10,42,1974.00,392.04,0.00
Africa,Africa,"Democratic Republic of the Congo","South Kivu",Bukavu,3,20,1230.00,303.45,0.00
Africa,Africa,"Democratic Republic of the Congo","South Kivu",Uvira,3,5,356.00,69.27,0.00
Africa,Africa,Djibouti,Djibouti,Djibouti,5,31,2394.00,804.09,0.00
Africa,Africa,Egypt,"Al Bahr Al Ahmar",Hurghada,8,53,2586.00,387.03,0.00
Africa,Africa,Egypt,"Al Buhayrah",Damanhur,1,4,535.00,58.80,0.00
Africa,Africa,Egypt,"Al Buhayrah","Kafr ad Dawwar",1,4,176.00,24.81,0.00
Africa,Africa,Egypt,"Al Fayyum","Al Fayyum",8,21,1163.00,364.47,0.00
Africa,Africa,Egypt,"Al Gharbiyah","Al Mahallah al Kubra",9,49,5435.00,1648.05,0.00
Africa,Africa,Egypt,"Al Gharbiyah",Tanta,3,6,650.00,252.03,0.00
Africa,Africa,Egypt,"Al Iskandariyah",Alexandria,51,261,19900.00,4591.17,0.00
Africa,Africa,Egypt,"Al Minufiyah",Minuf,1,1,311.00,40.44,0.00
Africa,Africa,Egypt,"Al Minya","Al Minya",5,35,2604.00,524.64,0.00
Africa,Africa,Egypt,"Al Minya",Mallawi,2,14,308.00,111.03,0.00
Africa,Africa,Egypt,"Al Minya",Samalut,1,1,56.00,8.31,0.00
Africa,Africa,Egypt,"Al Qahirah",Cairo,126,560,38436.00,8528.10,0.00
Africa,Africa,Egypt,"Ash Sharqiyah","Abu Kabir",3,12,487.00,82.29,0.00
Africa,Africa,Egypt,"Ash Sharqiyah",Bilbeis,1,2,273.00,68.76,0.00
Africa,Africa,Egypt,Aswan,Aswan,2,21,2957.00,905.79,0.00
Africa,Africa,Egypt,Aswan,Idfu,1,4,442.00,78.63,0.00
Africa,Africa,Egypt,Asyut,Asyut,3,5,337.00,83.25,0.00
Africa,Africa,Egypt,"Bani Suwayf","Beni Suef",3,13,1680.00,280.44,0.00
Africa,Africa,Egypt,"Bur Sa'id","Port Said",4,20,513.00,118.62,0.00
Africa,Africa,Egypt,"Kafr Ash Shaykh",Disuq,1,3,120.00,4.02,0.00
Africa,Africa,Egypt,"Kafr Ash Shaykh","Kafr ash Shaykh",1,1,9.00,1.59,0.00
Africa,Africa,Egypt,Matruh,"Marsa Matruh",1,4,60.00,10.20,0.00
Africa,Africa,Egypt,Qina,Qena,3,7,466.00,65.85,0.00
Africa,Africa,Egypt,Suhaj,Akhmim,1,1,32.00,11.82,0.00
Africa,Africa,Egypt,Suhaj,Girga,1,8,3032.00,1255.26,0.00
Africa,Africa,Egypt,Suhaj,Sohag,2,7,891.00,28.62,0.00
Africa,Africa,Egypt,Suhaj,Tahta,1,6,678.00,168.21,0.00
Africa,Africa,"Equatorial Guinea",Litoral,Bata,1,3,150.00,44.46,0.00
Africa,Africa,Eritrea,Anseba,Keren,1,4,188.00,76.20,0.00
Africa,Africa,Ethiopia,"Dire Dawa","Dire Dawa",4,18,850.00,290.16,0.00
Africa,Africa,Gabon,Estuaire,Libreville,5,46,1752.00,479.67,0.00
Africa,Africa,Ghana,Ashanti,Kumasi,16,65,6325.00,1854.42,0.00
Africa,Africa,Ghana,Central,"Cape Coast",2,3,93.00,27.45,0.00
Africa,Africa,Ghana,Eastern,Koforidua,1,2,77.00,1.50,0.00
Africa,Africa,Ghana,"Greater Accra",Accra,37,171,15555.00,3530.19,0.00
Africa,Africa,Ghana,Northern,Tamale,5,23,1222.00,154.98,0.00
Africa,Africa,Guinea,Kankan,Kankan,3,11,1170.00,486.42,0.00
Africa,Africa,Guinea,Kindia,Kindia,3,9,1105.00,333.30,0.00
Africa,Africa,Guinea,Nzérékoré,Nzerekore,4,12,1223.00,131.52,0.00
Africa,Africa,Guinea-Bissau,Bissau,Bissau,4,13,2065.00,411.39,0.00
Africa,Africa,Kenya,Central,Thika,1,15,820.00,280.92,0.00
Africa,Africa,Kenya,Coast,Mombasa,15,68,4234.00,794.28,0.00
Africa,Africa,Kenya,Eastern,Marsabit,1,4,968.00,193.44,0.00
Africa,Africa,Kenya,Nairobi,Nairobi,27,93,7433.00,1961.25,0.00
Africa,Africa,Kenya,Nyanza,Kisumu,5,16,984.00,185.22,0.00
Africa,Africa,Kenya,"Rift Valley",Nakuru,6,27,3110.00,568.80,0.00
Africa,Africa,Lesotho,Maseru,Maseru,3,23,6712.00,1398.21,0.00
Africa,Africa,Liberia,"Grand Gedeh",Zwedru,1,1,49.00,11.85,0.00
Africa,Africa,Liberia,Montserrado,Monrovia,6,36,3512.00,1033.05,0.00
Africa,Africa,Libya,"Al Marqab","Al Khums",2,2,68.00,14.25,0.00
Africa,Africa,Libya,Banghazi,Benghazi,12,66,3826.00,673.83,0.00
Africa,Africa,Libya,Misratah,Misratah,4,35,3915.00,1356.42,0.00
Africa,Africa,Madagascar,Analamanga,Antananarivo,17,88,9604.00,2505.99,0.00
Africa,Africa,Madagascar,Atsimo-Andrefana,Toliara,1,4,78.00,36.36,0.00
Africa,Africa,Madagascar,Atsinanana,Toamasina,3,9,97.00,15.24,0.00
Africa,Africa,Madagascar,Boeny,Mahajanga,3,19,2044.00,553.02,0.00
Africa,Africa,Madagascar,Diana,Antsiranana,2,17,589.00,137.13,0.00
Africa,Africa,Madagascar,Haute-Matsiatra,Fianarantsoa,1,5,206.00,48.84,0.00
Africa,Africa,Mali,Bamako,Bamako,16,60,6741.00,1638.66,0.00
Africa,Africa,Mali,Kayes,Kayes,2,10,791.00,275.82,0.00
Africa,Africa,Mali,Mopti,Mopti,3,4,289.00,59.91,0.00
Africa,Africa,Mali,Sikasso,Sikasso,1,6,1094.00,317.16,0.00
Africa,Africa,Mauritania,Nouakchott,Nouakchott,8,29,4020.00,1675.95,0.00
Africa,Africa,Morocco,Chaouia-Ouardigha,Berrechid,2,2,57.00,11.10,0.00
Africa,Africa,Morocco,Chaouia-Ouardigha,Khouribga,4,15,733.00,139.71,0.00
Africa,Africa,Morocco,Chaouia-Ouardigha,Settat,2,6,282.00,74.73,0.00
Africa,Africa,Morocco,Doukkala-Abda,"El Jadida",2,2,58.00,24.27,0.00
Africa,Africa,Morocco,Doukkala-Abda,Safi,4,23,2214.00,593.82,0.00
Africa,Africa,Morocco,Fès-Boulemane,Fes,13,56,7028.00,1958.31,0.00
Africa,Africa,Morocco,"Gharb-Chrarda-Béni Hssen",Kenitra,3,15,367.00,130.26,0.00
Africa,Africa,Morocco,"Gharb-Chrarda-Béni Hssen","Sidi Qacem",3,4,126.00,36.15,0.00
Africa,Africa,Morocco,"Grand Casablanca",Casablanca,61,288,29798.00,6872.40,0.00
Africa,Africa,Morocco,"Grand Casablanca",Mohammedia,3,7,900.00,245.73,0.00
Africa,Africa,Morocco,"Guelmim-Es Semara",Guelmim,1,2,38.00,8.82,0.00
Africa,Africa,Morocco,"Marrakech-Tensift-El Haouz",Marrakech,14,121,7467.00,1539.72,0.00
Africa,Africa,Morocco,Meknès-Tafilalet,Khenifra,1,12,355.00,60.12,0.00
Africa,Africa,Morocco,Meknès-Tafilalet,Meknes,11,60,7400.00,3087.51,0.00
Africa,Africa,Morocco,Rabat-Salé-Zemmour-Zaer,Khemisset,2,10,865.00,322.29,0.00
Africa,Africa,Morocco,Rabat-Salé-Zemmour-Zaer,Rabat,25,140,9947.00,2976.57,0.00
Africa,Africa,Morocco,Rabat-Salé-Zemmour-Zaer,Sale,32,139,8589.00,2360.67,0.00
Africa,Africa,Morocco,Souss-Massa-Draâ,Agadir,10,25,1582.00,346.74,0.00
Africa,Africa,Morocco,Tadla-Azilal,"Beni Mellal",5,23,2525.00,817.47,0.00
Africa,Africa,Morocco,Tanger-Tétouan,Larache,3,9,179.00,39.99,0.00
Africa,Africa,Morocco,Tanger-Tétouan,Tangier,8,42,5399.00,915.96,0.00
Africa,Africa,Morocco,Tanger-Tétouan,Tetouan,5,16,757.00,121.41,0.00
Africa,Africa,Morocco,"Taza-Al Hoceima-Taounate",Taza,5,6,413.00,77.67,0.00
Africa,Africa,Mozambique,"Cabo Delgado",Pemba,1,2,88.00,7.32,0.00
Africa,Africa,Mozambique,"Cidade De Maputo",Maputo,11,98,8221.00,1999.92,0.00
Africa,Africa,Mozambique,Inhambane,Maxixe,1,1,23.00,4.41,0.00
Africa,Africa,Mozambique,Manica,Chimoio,5,10,431.00,128.10,0.00
Africa,Africa,Mozambique,Maputo,Matola,9,36,4075.00,1287.87,0.00
Africa,Africa,Mozambique,Nampula,Nampula,4,11,2313.00,846.84,0.00
Africa,Africa,Mozambique,Niassa,Lichinga,3,11,971.00,293.91,0.00
Africa,Africa,Mozambique,Sofala,Beira,8,32,3357.00,965.97,0.00
Africa,Africa,Mozambique,Tete,Tete,2,7,73.00,16.35,0.00
Africa,Africa,Mozambique,Zambezia,Quelimane,6,23,1750.00,385.11,0.00
Africa,Africa,Namibia,Khomas,Windhoek,5,30,2899.00,736.95,0.00
Africa,Africa,Niger,Diffa,Nguigmi,1,4,113.00,26.76,0.00
Africa,Africa,Niger,Maradi,Maradi,3,14,1648.00,497.28,0.00
Africa,Africa,Niger,Niamey,Niamey,11,70,4800.00,1173.45,0.00
Africa,Africa,Niger,Zinder,Zinder,2,15,362.00,122.28,0.00
Africa,Africa,Nigeria,Abia,Aba,9,52,1063.00,-1475.56,1.00
Africa,Africa,Nigeria,"Abuja Capital Territory",Abuja,2,3,38.00,-67.61,1.00
Africa,Africa,Nigeria,Adamawa,Mubi,3,14,186.00,-289.04,1.00
Africa,Africa,Nigeria,"Akwa Ibom","Ikot Ekpene",2,18,281.00,-473.17,1.00
Africa,Africa,Nigeria,Anambra,Onitsha,8,46,701.00,-945.83,1.00
Africa,Africa,Nigeria,Bauchi,Bauchi,3,11,632.00,-980.22,1.00
Africa,Africa,Nigeria,Benue,Makurdi,4,21,1790.00,-1761.95,1.00
Africa,Africa,Nigeria,Borno,Maiduguri,10,40,778.00,-1332.51,1.00
Africa,Africa,Nigeria,"Cross River",Calabar,5,49,936.00,-1666.93,1.00
Africa,Africa,Nigeria,"Cross River",Ugep,3,14,182.00,-244.46,1.00
Africa,Africa,Nigeria,Delta,Sapele,1,4,194.00,-349.79,1.00
Africa,Africa,Nigeria,Delta,Warri,12,55,987.00,-1815.66,1.00
Africa,Africa,Nigeria,Ebonyi,Abakaliki,1,5,34.00,-57.23,1.00
Africa,Africa,Nigeria,Edo,"Benin City",14,60,2021.00,-3530.30,1.00
Africa,Africa,Nigeria,Enugu,Enugu,11,59,1910.00,-2320.68,1.00
Africa,Africa,Nigeria,Gombe,Gombe,3,6,48.00,-42.17,1.00
Africa,Africa,Nigeria,Imo,Owerri,3,12,617.00,-675.57,1.00
Africa,Africa,Nigeria,Kaduna,Kaduna,17,84,2989.00,-4465.02,1.00
Africa,Africa,Nigeria,Kaduna,Zaria,11,56,2821.00,-4148.46,1.00
Africa,Africa,Nigeria,Kano,Kano,51,254,7950.00,-10916.30,1.00
Africa,Africa,Nigeria,Katsina,Funtua,2,14,114.00,-178.52,1.00
Africa,Africa,Nigeria,Katsina,Katsina,3,9,118.00,-225.75,1.00
Africa,Africa,Nigeria,Kwara,Ilorin,11,42,1240.00,-2056.30,1.00
Africa,Africa,Nigeria,Lagos,Lagos,150,733,17188.00,-25922.64,1.00
Africa,Africa,Nigeria,Niger,Minna,6,23,443.00,-809.14,1.00
Africa,Africa,Nigeria,Ogun,Abeokuta,3,15,107.00,-200.83,1.00
Africa,Africa,Nigeria,Ogun,Shagamu,2,7,267.00,-361.87,1.00
Africa,Africa,Nigeria,Ondo,Akure,3,4,38.00,-52.29,1.00
Africa,Africa,Nigeria,Ondo,Owo,4,15,242.00,-374.81,1.00
Africa,Africa,Nigeria,Osun,Ilesha,5,18,247.00,-466.81,1.00
Africa,Africa,Nigeria,Oyo,Ibadan,33,150,2844.00,-4829.75,1.00
Africa,Africa,Nigeria,Plateau,Jos,8,38,779.00,-1282.55,1.00
Africa,Africa,Nigeria,Rivers,"Port Harcourt",15,96,3824.00,-5443.03,1.00
Africa,Africa,Nigeria,Sokoto,Sokoto,2,9,86.00,-137.34,1.00
Africa,Africa,Nigeria,Yobe,Damaturu,4,14,516.00,-660.06,1.00
Africa,Africa,Nigeria,Zamfara,Gusau,1,6,136.00,-191.03,1.00
Africa,Africa,"Republic of the Congo",Niari,Loubomo,2,30,2714.00,280.74,0.00
Africa,Africa,Rwanda,Kigali,Kigali,15,78,4756.00,1238.85,0.00
Africa,Africa,Rwanda,Southern,Butare,1,9,393.00,91.29,0.00
Africa,Africa,Rwanda,Southern,Gitarama,1,1,48.00,6.30,0.00
Africa,Africa,Senegal,Dakar,Dakar,46,190,22007.00,5543.01,0.00
Africa,Africa,Senegal,Saint-Louis,Saint-Louis,3,24,3854.00,1329.72,0.00
Africa,Africa,Senegal,Thies,"Thies Nones",5,27,2104.00,418.23,0.00
Africa,Africa,Senegal,Ziguinchor,Ziguinchor,2,11,618.00,132.36,0.00
Africa,Africa,"Sierra Leone",Eastern,Koidu,1,10,1271.00,271.14,0.00
Africa,Africa,"Sierra Leone",Northern,Makeni,1,3,100.00,7.89,0.00
Africa,Africa,"Sierra Leone",Southern,Bo,4,18,1078.00,192.72,0.00
Africa,Africa,Somalia,Banaadir,Mogadishu,19,53,3502.00,495.87,0.00
Africa,Africa,Somalia,"Jubbada Hoose",Kismaayo,5,16,353.00,116.43,0.00
Africa,Africa,Somalia,"Woqooyi Galbeed",Hargeysa,8,26,4330.00,392.97,0.00
Africa,Africa,"South Africa","Eastern Cape","East London",8,33,1529.00,331.62,0.00
Africa,Africa,"South Africa","Eastern Cape","Port Elizabeth",19,107,9089.00,2565.81,0.00
Africa,Africa,"South Africa","Eastern Cape",Umtata,3,3,613.00,102.09,0.00
Africa,Africa,"South Africa","Free State",Bloemfontein,4,8,185.00,59.70,0.00
Africa,Africa,"South Africa","Free State",Botshabelo,1,4,235.00,89.40,0.00
Africa,Africa,"South Africa",Gauteng,Benoni,1,1,126.00,21.42,0.00
Africa,Africa,"South Africa",Gauteng,Boksburg,1,2,35.00,9.30,0.00
Africa,Africa,"South Africa",Gauteng,Centurion,3,12,1184.00,296.46,0.00
Africa,Africa,"South Africa",Gauteng,Johannesburg,49,263,23256.00,4838.13,0.00
Africa,Africa,"South Africa",Gauteng,Krugersdorp,1,2,39.00,8.55,0.00
Africa,Africa,"South Africa",Gauteng,Mabopane,1,10,1570.00,262.17,0.00
Africa,Africa,"South Africa",Gauteng,Pretoria,35,190,19816.00,4528.50,0.00
Africa,Africa,"South Africa",Gauteng,Randfontein,2,13,319.00,23.37,0.00
Africa,Africa,"South Africa",Gauteng,Roodepoort,2,6,912.00,105.27,0.00
Africa,Africa,"South Africa",Gauteng,Soweto,11,68,3661.00,969.30,0.00
Africa,Africa,"South Africa",Gauteng,Springs,2,2,192.00,65.67,0.00
Africa,Africa,"South Africa",Gauteng,Tembisa,1,2,95.00,15.51,0.00
Africa,Africa,"South Africa",Gauteng,Vanderbijlpark,1,1,5.00,2.25,0.00
Africa,Africa,"South Africa",Gauteng,Vereeniging,1,2,33.00,4.44,0.00
Africa,Africa,"South Africa",Gauteng,Westonaria,3,12,365.00,50.58,0.00
Africa,Africa,"South Africa",Kwazulu-natal,Durban,6,21,1736.00,399.75,0.00
Africa,Africa,"South Africa",Kwazulu-natal,Mpumalanga,1,1,49.00,16.14,0.00
Africa,Africa,"South Africa",Kwazulu-natal,Newcastle,6,18,2408.00,290.55,0.00
Africa,Africa,"South Africa",Kwazulu-natal,Pietermaritzburg,3,10,856.00,196.53,0.00
Africa,Africa,"South Africa",Kwazulu-natal,Stanger,2,2,64.00,11.61,0.00
Africa,Africa,"South Africa",Kwazulu-natal,Ulundi,1,11,160.00,13.92,0.00
Africa,Africa,"South Africa",Limpopo,Giyani,2,5,452.00,129.33,0.00
Africa,Africa,"South Africa",Mpumalanga,eMbalenhle,1,4,76.00,13.62,0.00
Africa,Africa,"South Africa",Mpumalanga,Volksrust,1,2,80.00,28.08,0.00
Africa,Africa,"South Africa",North-West,Potchefstroom,3,31,1721.00,598.05,0.00
Africa,Africa,"South Africa",North-West,Rustenburg,5,9,276.00,92.55,0.00
Africa,Africa,"South Africa",North-West,Vryburg,1,5,356.00,54.42,0.00
Africa,Africa,"South Africa","Western Cape","Cape Town",44,161,20861.00,4561.83,0.00
Africa,Africa,"South Africa","Western Cape",George,3,10,2226.00,982.71,0.00
Africa,Africa,"South Africa","Western Cape",Stellenbosch,2,7,721.00,198.00,0.00
Africa,Africa,"South Sudan","Central Equatoria",Juba,2,5,1045.00,186.36,0.00
Africa,Africa,Sudan,Gezira,"Al Manaqil",1,1,7.00,1.41,0.00
Africa,Africa,Sudan,Gezira,"Wad Madani",7,27,2415.00,316.53,0.00
Africa,Africa,Sudan,Kassala,Kassala,2,17,656.00,192.69,0.00
Africa,Africa,Sudan,Khartoum,Khartoum,15,107,9204.00,1953.33,0.00
Africa,Africa,Sudan,"Red Sea","Bur Sudan",10,27,3270.00,960.24,0.00
Africa,Africa,Sudan,"White Nile","Ad Diwem",5,18,784.00,195.30,0.00
Africa,Africa,Swaziland,Manzini,Manzini,2,5,288.00,86.76,0.00
Africa,Africa,Tanzania,Arusha,Arusha,6,27,1426.00,330.95,0.00
Africa,Africa,Tanzania,"Dar Es Salaam","Dar es Salaam",34,173,11843.00,3029.61,0.00
Africa,Africa,Tanzania,Iringa,Iringa,1,4,462.00,-46.33,0.00
Africa,Africa,Tanzania,Kigoma,Kigoma,2,3,46.00,2.58,0.00
Africa,Africa,Tanzania,Kigoma,Uvinza,2,20,4781.00,1022.40,0.00
Africa,Africa,Tanzania,Kilimanjaro,Moshi,3,4,496.00,84.12,0.00
Africa,Africa,Tanzania,Mara,Musoma,2,4,317.00,51.02,0.00
Africa,Africa,Tanzania,Mbeya,Igurusi,1,3,165.00,24.69,0.00
Africa,Africa,Tanzania,Mbeya,Mbeya,2,11,1182.00,375.90,0.00
Africa,Africa,Tanzania,Morogoro,Morogoro,2,6,160.00,20.13,0.00
Africa,Africa,Tanzania,Mtwara,Mtwara,1,7,251.00,43.83,0.00
Africa,Africa,Tanzania,Mwanza,Mwanza,8,42,2529.00,81.46,0.00
Africa,Africa,Tanzania,Pwani,Bagamoyo,1,2,133.00,15.84,0.00
Africa,Africa,Tanzania,Pwani,Chalinze,1,3,124.00,24.90,0.00
Africa,Africa,Tanzania,Ruvuma,Mbinga,1,2,273.00,-12.20,0.00
Africa,Africa,Tanzania,Shinyanga,Shinyanga,4,24,2029.00,411.64,0.00
Africa,Africa,Tanzania,Tabora,Tabora,1,5,81.00,24.00,0.00
Africa,Africa,Tanzania,Tanga,Tanga,1,2,518.00,243.42,0.00
Africa,Africa,Togo,Centrale,Sokode,1,8,280.00,34.80,0.00
Africa,Africa,Togo,Kara,Kara,1,2,34.00,0.96,0.00
Africa,Africa,Togo,Maritime,Lome,15,67,3254.00,573.60,0.00
Africa,Africa,Togo,Plateaux,Atakpame,3,12,582.00,207.51,0.00
Africa,Africa,Tunisia,Tunis,Tunis,9,22,1762.00,602.10,0.00
Africa,Africa,Uganda,Gulu,Gulu,1,8,366.00,-511.08,1.00
Africa,Africa,Uganda,Jinja,Jinja,2,10,103.00,-155.97,1.00
Africa,Africa,Uganda,Kabarole,"Fort Portal",1,1,4.00,-5.49,1.00
Africa,Africa,Uganda,Kampala,Kampala,15,44,1152.00,-1753.56,1.00
Africa,Africa,Zambia,Central,Kabwe,2,2,97.00,5.94,0.00
Africa,Africa,Zambia,Copperbelt,Chililabombwe,1,8,1347.00,36.00,0.00
Africa,Africa,Zambia,Copperbelt,Chingola,6,32,2254.00,479.01,0.00
Africa,Africa,Zambia,Copperbelt,Kitwe,4,17,3177.00,1003.77,0.00
Africa,Africa,Zambia,Copperbelt,Luanshya,1,2,90.00,27.06,0.00
Africa,Africa,Zambia,Copperbelt,Mufulira,2,12,1849.00,304.41,0.00
Africa,Africa,Zambia,Copperbelt,Ndola,7,31,2894.00,457.77,0.00
Africa,Africa,Zambia,Eastern,Chipata,3,23,765.00,232.68,0.00
Africa,Africa,Zambia,Lusaka,Lusaka,16,104,12764.00,4272.06,0.00
Africa,Africa,Zambia,Northern,Kasama,1,3,157.00,59.19,0.00
Africa,Africa,Zambia,Southern,Livingstone,3,17,635.00,123.84,0.00
Africa,Africa,Zimbabwe,Bulawayo,Bulawayo,16,86,2083.00,-2706.62,1.00
Africa,Africa,Zimbabwe,Harare,Chitungwiza,8,36,726.00,-1345.62,1.00
Africa,Africa,Zimbabwe,Harare,Epworth,2,2,53.00,-63.26,1.00
Africa,Africa,Zimbabwe,Harare,Harare,13,61,786.00,-1120.13,1.00
Africa,Africa,Zimbabwe,Manicaland,Mutare,2,2,12.00,-13.86,1.00
Africa,Africa,Zimbabwe,"Mashonaland West",Kadoma,1,2,104.00,-173.98,1.00
Africa,Africa,Zimbabwe,"Matabeleland North","Victoria Falls",1,1,3.00,-5.33,1.00
APAC,"Central Asia",Afghanistan,Hirat,Herat,2,22,1696.00,324.72,0.00
APAC,"Central Asia",Afghanistan,Kabul,Kabul,20,162,16951.00,4410.69,0.00
APAC,"Central Asia",Afghanistan,Kandahar,Kandahar,3,18,1868.00,577.53,0.00
APAC,"Central Asia",Afghanistan,Nangarhar,Jalalabad,1,26,1159.00,147.36,0.00
APAC,"Central Asia",Bangladesh,Chittagong,Chittagong,14,128,12007.00,2460.57,0.00
APAC,"Central Asia",Bangladesh,Chittagong,"Cox’s Bāzār",1,13,138.00,67.83,0.00
APAC,"Central Asia",Bangladesh,Dhaka,Dhaka,52,416,41413.00,10291.93,0.00
APAC,"Central Asia",Bangladesh,Dhaka,Narsingdi,1,1,41.00,1.62,0.00
APAC,"Central Asia",Bangladesh,Dhaka,Tongi,2,22,6937.00,1987.71,0.00
APAC,"Central Asia",Bangladesh,Khulna,Khulna,6,47,11406.00,2782.17,0.00
APAC,"Central Asia",Bangladesh,Rajshahi,Rajshahi,2,23,1792.00,558.72,0.00
APAC,"Central Asia",Bangladesh,Sylhet,Sylhet,4,24,1314.00,124.59,0.00
APAC,"Central Asia",India,"Andhra Pradesh",Anantapur,2,7,775.00,94.68,0.00
APAC,"Central Asia",India,"Andhra Pradesh",Guntur,4,31,2088.00,410.46,0.00
APAC,"Central Asia",India,"Andhra Pradesh",Kakinada,1,5,19.00,9.15,0.00
APAC,"Central Asia",India,"Andhra Pradesh",Nellore,4,21,2239.00,370.62,0.00
APAC,"Central Asia",India,"Andhra Pradesh",Tirupati,2,8,1184.00,428.46,0.00
APAC,"Central Asia",India,"Andhra Pradesh",Vijayawada,5,43,4073.00,1024.47,0.00
APAC,"Central Asia",India,"Andhra Pradesh",Visakhapatnam,10,106,8807.00,2248.89,0.00
APAC,"Central Asia",India,Assam,Guwahati,9,59,5187.00,887.10,0.00
APAC,"Central Asia",India,Bihar,Aurangabad,5,56,7779.00,1762.17,0.00
APAC,"Central Asia",India,Bihar,"Bihar Sharif",3,30,2131.00,679.17,0.00
APAC,"Central Asia",India,Bihar,Darbhanga,2,44,3642.00,1184.85,0.00
APAC,"Central Asia",India,Bihar,Gaya,2,13,2146.00,161.67,0.00
APAC,"Central Asia",India,Bihar,Muzaffarpur,2,20,6456.00,699.60,0.00
APAC,"Central Asia",India,Bihar,Patna,7,65,6460.00,1651.62,0.00
APAC,"Central Asia",India,Chandigarh,Chandigarh,4,19,493.00,193.95,0.00
APAC,"Central Asia",India,Chhattisgarh,Bhilai,6,44,6000.00,1328.25,0.00
APAC,"Central Asia",India,Chhattisgarh,Durg,4,26,751.00,227.10,0.00
APAC,"Central Asia",India,Chhattisgarh,Korba,4,33,5649.00,923.76,0.00
APAC,"Central Asia",India,Chhattisgarh,Kota,4,20,6683.00,3228.81,0.00
APAC,"Central Asia",India,Chhattisgarh,Raipur,5,32,3714.00,700.95,0.00
APAC,"Central Asia",India,Delhi,Delhi,29,209,31014.00,5565.90,0.00
APAC,"Central Asia",India,Delhi,"New Delhi",1,2,11.00,2.82,0.00
APAC,"Central Asia",India,Gujarat,Bhavnagar,7,52,5830.00,1430.94,0.00
APAC,"Central Asia",India,Gujarat,Jamnagar,4,23,1132.00,450.99,0.00
APAC,"Central Asia",India,Gujarat,Jodhpur,3,9,1108.00,182.61,0.00
APAC,"Central Asia",India,Gujarat,Rajkot,7,42,4022.00,1068.39,0.00
APAC,"Central Asia",India,Gujarat,Surat,12,121,12216.00,3462.72,0.00
APAC,"Central Asia",India,Gujarat,Vadodara,7,60,4985.00,1495.11,0.00
APAC,"Central Asia",India,Haryana,Faridabad,7,45,6332.00,1594.14,0.00
APAC,"Central Asia",India,Haryana,Gorakhpur,9,107,16940.00,4609.56,0.00
APAC,"Central Asia",India,Haryana,Hisar,1,6,716.00,180.09,0.00
APAC,"Central Asia",India,Haryana,Karnal,1,14,187.00,47.70,0.00
APAC,"Central Asia",India,Haryana,Panipat,2,13,386.00,107.64,0.00
APAC,"Central Asia",India,Haryana,Rohtak,1,5,39.00,8.55,0.00
APAC,"Central Asia",India,Haryana,Sonipat,1,4,54.00,17.64,0.00
APAC,"Central Asia",India,"Jammu and Kashmir",Jammu,4,15,598.00,127.32,0.00
APAC,"Central Asia",India,"Jammu and Kashmir",Srinagar,7,40,7373.00,2716.92,0.00
APAC,"Central Asia",India,Jharkhand,Bokaro,3,22,2499.00,1041.24,0.00
APAC,"Central Asia",India,Jharkhand,Jamshedpur,3,28,6992.00,1911.06,0.00
APAC,"Central Asia",India,Jharkhand,Ranchi,8,37,2640.00,1072.86,0.00
APAC,"Central Asia",India,Karnataka,Bangalore,26,168,12500.00,3366.33,0.00
APAC,"Central Asia",India,Karnataka,Belgaum,4,46,3480.00,755.49,0.00
APAC,"Central Asia",India,Karnataka,Bellary,3,12,330.00,79.83,0.00
APAC,"Central Asia",India,Karnataka,Bijapur,2,26,1245.00,314.97,0.00
APAC,"Central Asia",India,Karnataka,Gulbarga,3,16,671.00,225.63,0.00
APAC,"Central Asia",India,Karnataka,Hubli,5,35,1593.00,634.05,0.00
APAC,"Central Asia",India,Karnataka,Mangalore,9,62,10295.00,3338.73,0.00
APAC,"Central Asia",India,Karnataka,Mysore,3,21,646.00,208.35,0.00
APAC,"Central Asia",India,Karnataka,Shimoga,1,3,158.00,47.76,0.00
APAC,"Central Asia",India,Karnataka,Tumkur,1,14,887.00,319.20,0.00
APAC,"Central Asia",India,Kerala,Kochi,2,14,1642.00,510.78,0.00
APAC,"Central Asia",India,Kerala,Kollam,5,53,8050.00,1494.63,0.00
APAC,"Central Asia",India,Kerala,Kozhikode,4,16,1719.00,461.22,0.00
APAC,"Central Asia",India,Kerala,Thiruvananthapuram,3,38,9286.00,2307.33,0.00
APAC,"Central Asia",India,"Madhya Pradesh",Bhopal,6,44,4355.00,1361.19,0.00
APAC,"Central Asia",India,"Madhya Pradesh",Dewas,4,33,2073.00,525.90,0.00
APAC,"Central Asia",India,"Madhya Pradesh",Gwalior,2,10,2097.00,306.15,0.00
APAC,"Central Asia",India,"Madhya Pradesh",Indore,5,50,4258.00,576.18,0.00
APAC,"Central Asia",India,"Madhya Pradesh",Jabalpur,4,40,6231.00,853.53,0.00
APAC,"Central Asia",India,"Madhya Pradesh",Mau,3,13,860.00,250.53,0.00
APAC,"Central Asia",India,"Madhya Pradesh",Ratlam,5,22,1527.00,340.44,0.00
APAC,"Central Asia",India,"Madhya Pradesh",Satna,3,28,2668.00,905.82,0.00
APAC,"Central Asia",India,"Madhya Pradesh",Ujjain,5,27,3003.00,1148.28,0.00
APAC,"Central Asia",India,Maharashtra,Akola,5,27,1764.00,543.48,0.00
APAC,"Central Asia",India,Maharashtra,Amravati,4,32,5451.00,1160.37,0.00
APAC,"Central Asia",India,Maharashtra,Aurangabad,3,21,1400.00,249.30,0.00
APAC,"Central Asia",India,Maharashtra,Bhiwandi,7,61,3767.00,866.82,0.00
APAC,"Central Asia",India,Maharashtra,Dhule,2,13,1324.00,138.15,0.00
APAC,"Central Asia",India,Maharashtra,Durgapur,6,45,3374.00,1056.00,0.00
APAC,"Central Asia",India,Maharashtra,Ichalkaranji,2,9,864.00,171.81,0.00
APAC,"Central Asia",India,Maharashtra,Jalna,1,14,340.00,62.82,0.00
APAC,"Central Asia",India,Maharashtra,Kalyan,8,67,3920.00,672.51,0.00
APAC,"Central Asia",India,Maharashtra,Kolhapur,3,27,3719.00,773.34,0.00
APAC,"Central Asia",India,Maharashtra,Latur,1,2,16.00,2.82,0.00
APAC,"Central Asia",India,Maharashtra,Malegaon,2,43,4063.00,883.32,0.00
APAC,"Central Asia",India,Maharashtra,Mumbai,35,209,10975.00,-4917.97,0.00
APAC,"Central Asia",India,Maharashtra,Nagpur,15,83,11745.00,2427.81,0.00
APAC,"Central Asia",India,Maharashtra,Nasik,4,16,2589.00,619.74,0.00
APAC,"Central Asia",India,Maharashtra,Parbhani,3,17,1773.00,492.90,0.00
APAC,"Central Asia",India,Maharashtra,Pimpri,6,36,3455.00,874.20,0.00
APAC,"Central Asia",India,Maharashtra,Pune,20,164,19751.00,5067.63,0.00
APAC,"Central Asia",India,Maharashtra,Sangli,4,17,495.00,149.55,0.00
APAC,"Central Asia",India,Maharashtra,Solapur,4,63,5866.00,1289.52,0.00
APAC,"Central Asia",India,Maharashtra,Thane,9,80,11547.00,2689.65,0.00
APAC,"Central Asia",India,Maharashtra,Ulhasnagar,3,41,3127.00,831.90,0.00
APAC,"Central Asia",India,Manipur,Imphal,2,18,5430.00,354.42,0.00
APAC,"Central Asia",India,Odisha,Bhubaneswar,4,26,1551.00,464.46,0.00
APAC,"Central Asia",India,Odisha,Brahmapur,4,26,1348.00,403.86,0.00
APAC,"Central Asia",India,Odisha,Cuttack,2,26,2380.00,527.64,0.00
APAC,"Central Asia",India,Puducherry,Puducherry,4,32,2936.00,455.94,0.00
APAC,"Central Asia",India,Punjab,Amritsar,5,25,1828.00,213.57,0.00
APAC,"Central Asia",India,Punjab,Bhatinda,2,6,2082.00,324.72,0.00
APAC,"Central Asia",India,Punjab,Ludhiana,10,95,6888.00,2151.24,0.00
APAC,"Central Asia",India,Punjab,Patiala,2,25,3210.00,346.02,0.00
APAC,"Central Asia",India,Rajasthan,Ajmer,8,102,8218.00,1503.96,0.00
APAC,"Central Asia",India,Rajasthan,Bharatpur,1,7,83.00,16.50,0.00
APAC,"Central Asia",India,Rajasthan,Bhilwara,2,7,3302.00,1306.38,0.00
APAC,"Central Asia",India,Rajasthan,Bikaner,3,13,1223.00,230.34,0.00
APAC,"Central Asia",India,Rajasthan,Fatehpur,5,55,4107.00,769.95,0.00
APAC,"Central Asia",India,Rajasthan,Ganganagar,1,11,648.00,193.35,0.00
APAC,"Central Asia",India,Rajasthan,Jaipur,13,81,6535.00,1103.40,0.00
APAC,"Central Asia",India,Rajasthan,Jodhpur,9,44,5075.00,1276.65,0.00
APAC,"Central Asia",India,Rajasthan,Kota,5,19,1018.00,369.54,0.00
APAC,"Central Asia",India,Rajasthan,Raipur,2,25,785.00,270.96,0.00
APAC,"Central Asia",India,"Tamil Nadu",Ambattur,2,11,267.00,35.10,0.00
APAC,"Central Asia",India,"Tamil Nadu",Avadi,4,24,6822.00,605.43,0.00
APAC,"Central Asia",India,"Tamil Nadu",Chennai,27,153,11512.00,2701.68,0.00
APAC,"Central Asia",India,"Tamil Nadu",Coimbatore,10,59,4610.00,1034.13,0.00
APAC,"Central Asia",India,"Tamil Nadu",Madurai,5,28,3577.00,596.82,0.00
APAC,"Central Asia",India,"Tamil Nadu",Nagercoil,3,16,1697.00,487.32,0.00
APAC,"Central Asia",India,"Tamil Nadu",Salem,4,19,3310.00,422.43,0.00
APAC,"Central Asia",India,"Tamil Nadu",Thanjavur,1,21,4834.00,804.18,0.00
APAC,"Central Asia",India,"Tamil Nadu",Tiruchchirappalli,3,24,4932.00,865.62,0.00
APAC,"Central Asia",India,"Tamil Nadu",Tirunelveli,4,42,4568.00,839.67,0.00
APAC,"Central Asia",India,"Tamil Nadu",Tiruppur,2,38,5786.00,1600.02,0.00
APAC,"Central Asia",India,Telangana,Hyderabad,24,108,12928.00,2756.55,0.00
APAC,"Central Asia",India,Telangana,Karimnagar,1,9,272.00,100.62,0.00
APAC,"Central Asia",India,Telangana,Kukatpalli,1,23,953.00,197.97,0.00
APAC,"Central Asia",India,Telangana,Nizamabad,2,8,1000.00,330.54,0.00
APAC,"Central Asia",India,Telangana,Warangal,5,14,768.00,126.93,0.00
APAC,"Central Asia",India,Tripura,Udaipur,2,11,646.00,227.58,0.00
APAC,"Central Asia",India,"Uttar Pradesh",Agra,13,125,12399.00,2568.24,0.00
APAC,"Central Asia",India,"Uttar Pradesh",Aligarh,4,50,4488.00,492.84,0.00
APAC,"Central Asia",India,"Uttar Pradesh",Allahabad,7,51,6694.00,2130.36,0.00
APAC,"Central Asia",India,"Uttar Pradesh",Bareilly,4,17,3931.00,599.85,0.00
APAC,"Central Asia",India,"Uttar Pradesh",Bilaspur,5,39,2937.00,613.83,0.00
APAC,"Central Asia",India,"Uttar Pradesh",Etawah,1,3,24.00,8.64,0.00
APAC,"Central Asia",India,"Uttar Pradesh",Firozabad,2,7,1277.00,438.66,0.00
APAC,"Central Asia",India,"Uttar Pradesh",Ghaziabad,1,9,298.00,123.75,0.00
APAC,"Central Asia",India,"Uttar Pradesh",Gorakhpur,4,47,5692.00,965.55,0.00
APAC,"Central Asia",India,"Uttar Pradesh",Hapur,1,3,145.00,7.20,0.00
APAC,"Central Asia",India,"Uttar Pradesh",Jhansi,2,45,5704.00,1478.19,0.00
APAC,"Central Asia",India,"Uttar Pradesh",Kanpur,14,141,9089.00,2611.14,0.00
APAC,"Central Asia",India,"Uttar Pradesh",Lucknow,17,109,10212.00,1756.29,0.00
APAC,"Central Asia",India,"Uttar Pradesh",Mathura,2,14,1270.00,190.86,0.00
APAC,"Central Asia",India,"Uttar Pradesh",Mau,1,7,1387.00,360.36,0.00
APAC,"Central Asia",India,"Uttar Pradesh",Meerut,8,37,3042.00,646.08,0.00
APAC,"Central Asia",India,"Uttar Pradesh",Mirzapur,2,14,624.00,207.42,0.00
APAC,"Central Asia",India,"Uttar Pradesh",Moradabad,5,47,2047.00,319.77,0.00
APAC,"Central Asia",India,"Uttar Pradesh",Saharanpur,3,21,1071.00,242.13,0.00
APAC,"Central Asia",India,"Uttar Pradesh",Shahjahanpur,1,2,17.00,1.38,0.00
APAC,"Central Asia",India,"Uttar Pradesh",Varanasi,7,43,3950.00,1278.75,0.00
APAC,"Central Asia",India,Uttarakhand,"Dehra Dun",2,10,3234.00,254.40,0.00
APAC,"Central Asia",India,Uttarakhand,Raipur,5,49,4179.00,1155.24,0.00
APAC,"Central Asia",India,Uttarakhand,Srinagar,2,11,340.00,105.69,0.00
APAC,"Central Asia",India,"West Bengal",Asansol,3,13,1356.00,253.47,0.00
APAC,"Central Asia",India,"West Bengal",Baranagar,3,9,1644.00,113.43,0.00
APAC,"Central Asia",India,"West Bengal",Barasat,1,10,205.00,85.80,0.00
APAC,"Central Asia",India,"West Bengal",Barddhaman,2,15,184.00,64.50,0.00
APAC,"Central Asia",India,"West Bengal",Bhatpara,6,21,912.00,160.41,0.00
APAC,"Central Asia",India,"West Bengal",Durgapur,7,44,1476.00,347.22,0.00
APAC,"Central Asia",India,"West Bengal",Kamarhati,2,10,390.00,50.16,0.00
APAC,"Central Asia",India,"West Bengal",Kulti,2,39,6741.00,1443.30,0.00
APAC,"Central Asia",India,"West Bengal",Naihati,2,14,2905.00,196.11,0.00
APAC,"Central Asia",India,"West Bengal",Panihati,3,17,422.00,37.32,0.00
APAC,"Central Asia",Nepal,Central,Kathmandu,6,69,3522.00,877.44,0.00
APAC,"Central Asia",Pakistan,Baluchistan,Quetta,5,25,1900.00,-1132.15,0.00
APAC,"Central Asia",Pakistan,F.C.T.,Islamabad,6,69,2921.00,-1537.76,0.07
APAC,"Central Asia",Pakistan,"Khyber Pakhtunkhwa",Mardan,2,14,344.00,-23.06,0.00
APAC,"Central Asia",Pakistan,"Khyber Pakhtunkhwa",Peshawar,5,36,1666.00,-158.90,0.14
APAC,"Central Asia",Pakistan,Punjab,Bahawalpur,2,30,1054.00,-295.99,0.00
APAC,"Central Asia",Pakistan,Punjab,Gujranwala,11,74,3106.00,-682.96,0.00
APAC,"Central Asia",Pakistan,Punjab,Gujrat,2,8,90.00,-10.23,0.00
APAC,"Central Asia",Pakistan,Punjab,Lahore,50,414,33775.00,-13626.48,0.02
APAC,"Central Asia",Pakistan,Punjab,Multan,8,55,2155.00,-698.49,0.08
APAC,"Central Asia",Pakistan,Punjab,Rawalpindi,14,88,4369.00,-1688.99,0.04
APAC,"Central Asia",Pakistan,Punjab,Sargodha,2,9,1158.00,-647.81,0.00
APAC,"Central Asia",Pakistan,Punjab,Sialkot,1,9,360.00,-49.81,0.00
APAC,"Central Asia",Pakistan,Sindh,Hyderabad,12,101,4529.00,-1686.64,0.04
APAC,"Central Asia",Pakistan,Sindh,Sukkur,3,16,1446.00,-207.59,0.00
APAC,"Central Asia","Sri Lanka",Western,Colombo,4,32,852.00,86.37,0.00
APAC,"North Asia",China,Anhui,Anqing,5,28,3682.00,1336.41,0.00
APAC,"North Asia",China,Anhui,Bengbu,3,18,2209.00,712.41,0.00
APAC,"North Asia",China,Anhui,Chaohu,1,5,78.00,31.53,0.00
APAC,"North Asia",China,Anhui,Datong,2,16,386.00,93.72,0.00
APAC,"North Asia",China,Anhui,Hefei,3,49,7229.00,1539.06,0.00
APAC,"North Asia",China,Anhui,Huaibei,2,44,6536.00,2228.01,0.00
APAC,"North Asia",China,Anhui,Huainan,5,49,3765.00,1021.59,0.00
APAC,"North Asia",China,Anhui,Huangshan,2,8,698.00,248.04,0.00
APAC,"North Asia",China,Anhui,Jieshou,1,5,218.00,19.50,0.00
APAC,"North Asia",China,Anhui,Suzhou,9,81,8553.00,1451.82,0.00
APAC,"North Asia",China,Anhui,Tongling,1,2,754.00,60.24,0.00
APAC,"North Asia",China,Beijing,Beijing,28,206,31637.00,4080.25,0.00
APAC,"North Asia",China,Beijing,Mentougou,1,4,504.00,201.72,0.00
APAC,"North Asia",China,Beijing,Tongzhou,1,4,167.00,15.00,0.00
APAC,"North Asia",China,Chongqing,Chongqing,24,141,9036.00,1727.64,0.00
APAC,"North Asia",China,Chongqing,Hechuan,1,4,450.00,13.44,0.00
APAC,"North Asia",China,Chongqing,Yongchuan,1,4,681.00,74.88,0.00
APAC,"North Asia",China,Fujian,Fuzhou,3,17,533.00,47.88,0.00
APAC,"North Asia",China,Fujian,Jinjiang,4,28,2952.00,876.63,0.00
APAC,"North Asia",China,Fujian,Luoyang,7,75,12120.00,2639.88,0.00
APAC,"North Asia",China,Fujian,Quanzhou,2,4,195.00,13.56,0.00
APAC,"North Asia",China,Fujian,Sanming,3,21,1775.00,737.97,0.00
APAC,"North Asia",China,Fujian,Xiamen,1,33,2678.00,687.57,0.00
APAC,"North Asia",China,Fujian,Zhangzhou,2,10,272.00,76.08,0.00
APAC,"North Asia",China,Gansu,Lanzhou,5,25,3111.00,946.60,0.00
APAC,"North Asia",China,Gansu,Suzhou,11,91,11161.00,3187.86,0.00
APAC,"North Asia",China,Guangdong,Chaozhou,4,22,1288.00,239.52,0.00
APAC,"North Asia",China,Guangdong,Dongguan,2,39,3988.00,737.13,0.00
APAC,"North Asia",China,Guangdong,Donghai,4,19,1515.00,117.57,0.00
APAC,"North Asia",China,Guangdong,Foshan,3,13,363.00,74.37,0.00
APAC,"North Asia",China,Guangdong,Guangzhou,30,230,23535.00,5613.30,0.00
APAC,"North Asia",China,Guangdong,Heyuan,1,14,1382.00,630.63,0.00
APAC,"North Asia",China,Guangdong,Huizhou,4,32,1939.00,320.34,0.00
APAC,"North Asia",China,Guangdong,Jiangmen,7,46,5718.00,638.50,0.00
APAC,"North Asia",China,Guangdong,Jieyang,5,75,5543.00,1315.68,0.00
APAC,"North Asia",China,Guangdong,Lianzhou,1,18,559.00,136.44,0.00
APAC,"North Asia",China,Guangdong,Licheng,1,7,518.00,224.64,0.00
APAC,"North Asia",China,Guangdong,Luoyang,5,69,8824.00,803.03,0.00
APAC,"North Asia",China,Guangdong,Meizhou,2,10,1227.00,386.31,0.00
APAC,"North Asia",China,Guangdong,Shantou,12,104,7102.00,2215.98,0.00
APAC,"North Asia",China,Guangdong,Shanwei,3,25,1982.00,281.55,0.00
APAC,"North Asia",China,Guangdong,Shenzhen,29,196,16705.00,3117.27,0.00
APAC,"North Asia",China,Guangdong,Wuchuan,2,32,2432.00,562.62,0.00
APAC,"North Asia",China,Guangdong,Xinyi,2,29,5247.00,946.71,0.00
APAC,"North Asia",China,Guangdong,Yangjiang,1,6,240.00,65.58,0.00
APAC,"North Asia",China,Guangdong,Zhanjiang,3,14,2201.00,273.51,0.00
APAC,"North Asia",China,Guangdong,Zhaoqing,1,2,760.00,144.42,0.00
APAC,"North Asia",China,Guangdong,Zhuhai,5,72,3028.00,823.86,0.00
APAC,"North Asia",China,Guangxi,Guilin,3,22,2150.00,427.71,0.00
APAC,"North Asia",China,Guangxi,Guiping,1,3,415.00,149.49,0.00
APAC,"North Asia",China,Guangxi,Lianzhou,2,4,193.00,50.16,0.00
APAC,"North Asia",China,Guangxi,Nanning,7,73,6851.00,1915.20,0.00
APAC,"North Asia",China,Guangxi,Pingnan,1,7,436.00,52.32,0.00
APAC,"North Asia",China,Guangxi,Wuzhou,2,10,325.00,72.00,0.00
APAC,"North Asia",China,Guizhou,Anshun,1,5,845.00,193.20,0.00
APAC,"North Asia",China,Guizhou,Bijie,4,30,1992.00,833.31,0.00
APAC,"North Asia",China,Guizhou,Guiyang,1,11,1096.00,449.37,0.00
APAC,"North Asia",China,Guizhou,Zunyi,2,14,1560.00,468.90,0.00
APAC,"North Asia",China,Hainan,Haikou,2,14,1527.00,136.59,0.00
APAC,"North Asia",China,Hainan,Sanya,2,19,2552.00,1123.50,0.00
APAC,"North Asia",China,Hebei,Baoding,2,11,215.00,31.20,0.00
APAC,"North Asia",China,Hebei,Cangzhou,1,10,1322.00,289.56,0.00
APAC,"North Asia",China,Hebei,Handan,2,36,2776.00,623.82,0.00
APAC,"North Asia",China,Hebei,Langfang,1,10,123.00,44.25,0.00
APAC,"North Asia",China,Hebei,Renqiu,1,1,20.00,1.59,0.00
APAC,"North Asia",China,Hebei,Shijiazhuang,3,5,478.00,73.36,0.00
APAC,"North Asia",China,Hebei,Tangshan,7,39,4719.00,728.25,0.00
APAC,"North Asia",China,Hebei,Xingtai,1,4,2545.00,1068.84,0.00
APAC,"North Asia",China,Hebei,Xuanhua,1,2,1133.00,305.94,0.00
APAC,"North Asia",China,Hebei,Zhangjiakou,3,18,344.00,94.47,0.00
APAC,"North Asia",China,Heilongjiang,Binzhou,1,1,14.00,3.30,0.00
APAC,"North Asia",China,Heilongjiang,Daqing,3,33,4097.00,849.21,0.00
APAC,"North Asia",China,Heilongjiang,Hailin,2,22,691.00,295.86,0.00
APAC,"North Asia",China,Heilongjiang,Harbin,11,80,7190.00,1553.01,0.00
APAC,"North Asia",China,Heilongjiang,Jiamusi,1,18,877.00,416.49,0.00
APAC,"North Asia",China,Heilongjiang,Jixi,5,58,8831.00,1481.52,0.00
APAC,"North Asia",China,Heilongjiang,Mudanjiang,4,24,4848.00,1313.37,0.00
APAC,"North Asia",China,Heilongjiang,Qiqihar,3,19,921.00,193.32,0.00
APAC,"North Asia",China,Heilongjiang,Qitaihe,4,66,6551.00,1438.59,0.00
APAC,"North Asia",China,Heilongjiang,Shangzhi,2,5,461.00,142.50,0.00
APAC,"North Asia",China,Heilongjiang,Shuangcheng,1,6,2820.00,338.22,0.00
APAC,"North Asia",China,Heilongjiang,Shuangyashan,3,15,581.00,157.05,0.00
APAC,"North Asia",China,Heilongjiang,Suihua,2,18,1004.00,168.84,0.00
APAC,"North Asia",China,Heilongjiang,Wuchang,3,26,1516.00,-4.59,0.00
APAC,"North Asia",China,Heilongjiang,Yichun,2,23,995.00,218.88,0.00
APAC,"North Asia",China,Heilongjiang,Zhaoyuan,2,12,631.00,267.48,0.00
APAC,"North Asia",China,Henan,Anyang,2,14,181.00,24.27,0.00
APAC,"North Asia",China,Henan,Hebi,1,2,34.00,7.08,0.00
APAC,"North Asia",China,Henan,Jiaozuo,3,16,2348.00,207.48,0.00
APAC,"North Asia",China,Henan,Kaifeng,1,11,1156.00,254.19,0.00
APAC,"North Asia",China,Henan,Luohe,2,12,2624.00,-318.58,0.00
APAC,"North Asia",China,Henan,Luoyang,4,16,2667.00,-92.66,0.00
APAC,"North Asia",China,Henan,Nanyang,4,36,3148.00,1151.16,0.00
APAC,"North Asia",China,Henan,Pingdingshan,2,10,1125.00,266.10,0.00
APAC,"North Asia",China,Henan,Puyang,3,20,706.00,281.61,0.00
APAC,"North Asia",China,Henan,Shangqiu,1,2,99.00,13.86,0.00
APAC,"North Asia",China,Henan,Xinxiang,2,18,967.00,274.41,0.00
APAC,"North Asia",China,Henan,Yunyang,2,24,2884.00,223.43,0.00
APAC,"North Asia",China,Henan,Zhengzhou,6,46,2105.00,615.96,0.00
APAC,"North Asia",China,Henan,Zhoukou,1,3,495.00,173.52,0.00
APAC,"North Asia",China,Henan,Zhumadian,1,14,692.00,159.27,0.00
APAC,"North Asia",China,Hubei,Ezhou,3,17,2449.00,781.92,0.00
APAC,"North Asia",China,Hubei,Guangshui,1,11,1122.00,151.32,0.00
APAC,"North Asia",China,Hubei,Huangshi,4,14,1215.00,-51.97,0.00
APAC,"North Asia",China,Hubei,Jingmen,2,10,230.00,57.21,0.00
APAC,"North Asia",China,Hubei,Laohekou,2,9,1035.00,325.14,0.00
APAC,"North Asia",China,Hubei,Macheng,1,14,1837.00,299.40,0.00
APAC,"North Asia",China,Hubei,Shashi,3,10,1528.00,53.16,0.00
APAC,"North Asia",China,Hubei,Suizhou,1,2,28.00,1.08,0.00
APAC,"North Asia",China,Hubei,Wuhan,24,123,6896.00,-3826.48,0.00
APAC,"North Asia",China,Hubei,Xiangfan,2,4,551.00,132.09,0.00
APAC,"North Asia",China,Hubei,Xianning,3,27,644.00,156.21,0.00
APAC,"North Asia",China,Hubei,Xiantao,1,5,34.00,16.50,0.00
APAC,"North Asia",China,Hubei,Xiaogan,1,20,3830.00,372.83,0.00
APAC,"North Asia",China,Hubei,Xinshi,2,15,1562.00,657.90,0.00
APAC,"North Asia",China,Hubei,Xinzhou,2,17,497.00,88.50,0.00
APAC,"North Asia",China,Hubei,Yicheng,3,11,1205.00,325.11,0.00
APAC,"North Asia",China,Hubei,Yingcheng,2,6,181.00,71.01,0.00
APAC,"North Asia",China,Hubei,Zaoyang,1,2,115.00,19.50,0.00
APAC,"North Asia",China,Hubei,Zhongxiang,1,15,1682.00,678.96,0.00
APAC,"North Asia",China,Hunan,Changde,1,2,338.00,67.50,0.00
APAC,"North Asia",China,Hunan,Changsha,6,36,1279.00,390.72,0.00
APAC,"North Asia",China,Hunan,Chenzhou,2,26,1367.00,206.64,0.00
APAC,"North Asia",China,Hunan,Hengyang,3,17,2712.00,1063.50,0.00
APAC,"North Asia",China,Hunan,Huaihua,1,5,110.00,25.20,0.00
APAC,"North Asia",China,Hunan,Lianyuan,4,14,397.00,110.97,0.00
APAC,"North Asia",China,Hunan,Liuyang,1,3,147.00,51.48,0.00
APAC,"North Asia",China,Hunan,Loudi,1,5,296.00,144.90,0.00
APAC,"North Asia",China,Hunan,Wuxi,6,37,2859.00,821.19,0.00
APAC,"North Asia",China,Hunan,Xiangtan,3,30,5262.00,1665.00,0.00
APAC,"North Asia",China,Hunan,Yiyang,1,6,70.00,27.90,0.00
APAC,"North Asia",China,Hunan,Yuanjiang,1,6,115.00,22.86,0.00
APAC,"North Asia",China,Hunan,Yueyang,4,41,4660.00,1019.40,0.00
APAC,"North Asia",China,Hunan,Zhuzhou,2,6,792.00,107.16,0.00
APAC,"North Asia",China,"Inner Mongolia",Baotou,9,68,7001.00,1239.03,0.00
APAC,"North Asia",China,"Inner Mongolia",Chifeng,3,8,385.00,102.24,0.00
APAC,"North Asia",China,"Inner Mongolia",Hohhot,2,7,268.00,80.97,0.00
APAC,"North Asia",China,"Inner Mongolia",Jining,3,12,3384.00,1356.69,0.00
APAC,"North Asia",China,"Inner Mongolia",Tongliao,1,3,498.00,224.28,0.00
APAC,"North Asia",China,"Inner Mongolia",Wuhai,1,8,1570.00,186.48,0.00
APAC,"North Asia",China,Jiangsu,Changshu,2,21,1948.00,77.56,0.00
APAC,"North Asia",China,Jiangsu,Changzhou,6,49,4744.00,1479.18,0.00
APAC,"North Asia",China,Jiangsu,Chengjiang,1,8,992.00,456.24,0.00
APAC,"North Asia",China,Jiangsu,Gaoyou,1,18,5367.00,751.19,0.00
APAC,"North Asia",China,Jiangsu,Huaiyin,4,26,1986.00,236.31,0.00
APAC,"North Asia",China,Jiangsu,Jiangdu,1,16,3791.00,754.53,0.00
APAC,"North Asia",China,Jiangsu,Jiangyan,2,29,2621.00,204.64,0.00
APAC,"North Asia",China,Jiangsu,Licheng,1,6,1222.00,133.29,0.00
APAC,"North Asia",China,Jiangsu,Nantong,3,20,1651.00,338.97,0.00
APAC,"North Asia",China,Jiangsu,Qidong,2,10,526.00,91.92,0.00
APAC,"North Asia",China,Jiangsu,Suzhou,7,47,2785.00,671.40,0.00
APAC,"North Asia",China,Jiangsu,Taixing,1,10,170.00,50.25,0.00
APAC,"North Asia",China,Jiangsu,Taizhou,3,20,486.00,131.91,0.00
APAC,"North Asia",China,Jiangsu,Wuxi,6,44,8027.00,1261.05,0.00
APAC,"North Asia",China,Jiangsu,Xinghua,4,33,3491.00,1300.95,0.00
APAC,"North Asia",China,Jiangsu,Xuzhou,4,54,4556.00,667.84,0.00
APAC,"North Asia",China,Jiangsu,Yancheng,5,75,4691.00,1463.82,0.00
APAC,"North Asia",China,Jiangsu,Yangzhou,4,31,3265.00,499.92,0.00
APAC,"North Asia",China,Jiangsu,Zhenjiang,4,22,3016.00,672.48,0.00
APAC,"North Asia",China,Jiangxi,Jingdezhen,1,5,292.00,63.66,0.00
APAC,"North Asia",China,Jiangxi,Nanchang,6,31,2026.00,521.52,0.00
APAC,"North Asia",China,Jiangxi,Pingxiang,3,11,543.00,74.19,0.00
APAC,"North Asia",China,Jiangxi,Yichun,6,20,501.00,124.50,0.00
APAC,"North Asia",China,Jilin,Changchun,10,75,7427.00,2558.16,0.00
APAC,"North Asia",China,Jilin,Chaoyang,1,15,2812.00,399.30,0.00
APAC,"North Asia",China,Jilin,Gongzhuling,1,29,1849.00,586.71,0.00
APAC,"North Asia",China,Jilin,Huadian,2,3,671.00,134.61,0.00
APAC,"North Asia",China,Jilin,Jiaohe,1,2,86.00,16.20,0.00
APAC,"North Asia",China,Jilin,Jilin,3,18,3094.00,1236.93,0.00
APAC,"North Asia",China,Jilin,Jiutai,2,12,830.00,309.09,0.00
APAC,"North Asia",China,Jilin,Liaoyuan,1,2,84.00,37.08,0.00
APAC,"North Asia",China,Jilin,Shulan,3,16,1229.00,105.24,0.00
APAC,"North Asia",China,Jilin,Siping,1,8,359.00,107.52,0.00
APAC,"North Asia",China,Jilin,Yanji,1,8,121.00,42.24,0.00
APAC,"North Asia",China,Jilin,Yushu,2,10,478.00,182.16,0.00
APAC,"North Asia",China,Liaoning,Anshan,8,85,6850.00,1914.27,0.00
APAC,"North Asia",China,Liaoning,Beipiao,1,3,43.00,11.07,0.00
APAC,"North Asia",China,Liaoning,Benxi,1,3,50.00,1.44,0.00
APAC,"North Asia",China,Liaoning,Chaoyang,3,18,2122.00,746.55,0.00
APAC,"North Asia",China,Liaoning,Dalian,9,44,3810.00,626.91,0.00
APAC,"North Asia",China,Liaoning,Fengcheng,2,7,3446.00,1091.91,0.00
APAC,"North Asia",China,Liaoning,Fushun,4,18,1320.00,147.39,0.00
APAC,"North Asia",China,Liaoning,Kaiyuan,3,26,2897.00,54.23,0.00
APAC,"North Asia",China,Liaoning,Liaoyang,4,28,3664.00,-683.63,0.00
APAC,"North Asia",China,Liaoning,Shenyang,14,132,13214.00,3240.86,0.00
APAC,"North Asia",China,Liaoning,Tieling,3,28,1058.00,254.10,0.00
APAC,"North Asia",China,Liaoning,Wafangdian,3,13,2913.00,1109.13,0.00
APAC,"North Asia",China,Ningxia,Shizuishan,2,6,130.00,10.62,0.00
APAC,"North Asia",China,Qinghai,Xining,2,16,5691.00,1367.01,0.00
APAC,"North Asia",China,Shaanxi,Tongchuan,1,12,1227.00,434.73,0.00
APAC,"North Asia",China,Shaanxi,Xi'an,10,68,5864.00,1172.25,0.00
APAC,"North Asia",China,Shaanxi,Xianyang,2,11,766.00,194.88,0.00
APAC,"North Asia",China,Shaanxi,Yulin,1,1,636.00,109.09,0.00
APAC,"North Asia",China,Shandong,Binzhou,1,5,51.00,18.42,0.00
APAC,"North Asia",China,Shandong,Gaomi,2,14,2075.00,934.56,0.00
APAC,"North Asia",China,Shandong,Heze,2,7,605.00,146.22,0.00
APAC,"North Asia",China,Shandong,Jinan,10,63,7631.00,1764.18,0.00
APAC,"North Asia",China,Shandong,Jining,5,41,5996.00,473.30,0.00
APAC,"North Asia",China,Shandong,Laiyang,2,14,1844.00,775.14,0.00
APAC,"North Asia",China,Shandong,Liaocheng,1,58,4913.00,1876.35,0.00
APAC,"North Asia",China,Shandong,Linyi,2,6,487.00,182.34,0.00
APAC,"North Asia",China,Shandong,Ninghai,3,33,3682.00,1001.64,0.00
APAC,"North Asia",China,Shandong,Penglai,1,2,294.00,135.36,0.00
APAC,"North Asia",China,Shandong,Qingdao,11,103,13369.00,2708.85,0.00
APAC,"North Asia",China,Shandong,Rizhao,1,11,610.00,85.14,0.00
APAC,"North Asia",China,Shandong,Shouguang,2,11,3591.00,446.76,0.00
APAC,"North Asia",China,Shandong,Tengzhou,3,29,4615.00,1513.65,0.00
APAC,"North Asia",China,Shandong,Weifang,6,59,4554.00,1147.98,0.00
APAC,"North Asia",China,Shandong,Weihai,1,4,105.00,44.04,0.00
APAC,"North Asia",China,Shandong,Wendeng,1,4,159.00,31.80,0.00
APAC,"North Asia",China,Shandong,Xintai,3,21,1068.00,271.44,0.00
APAC,"North Asia",China,Shandong,Yantai,3,10,1718.00,389.49,0.00
APAC,"North Asia",China,Shandong,Zaozhuang,1,1,28.00,10.32,0.00
APAC,"North Asia",China,Shanghai,Shanghai,42,324,31276.00,8533.63,0.00
APAC,"North Asia",China,Shanxi,Changzhi,1,1,115.00,3.45,0.00
APAC,"North Asia",China,Shanxi,Datong,5,28,2467.00,242.01,0.00
APAC,"North Asia",China,Shanxi,Jincheng,1,3,412.00,70.02,0.00
APAC,"North Asia",China,Shanxi,Taiyuan,7,75,3797.00,917.76,0.00
APAC,"North Asia",China,Shanxi,Xinzhou,2,23,2474.00,837.69,0.00
APAC,"North Asia",China,Shanxi,Yangquan,1,1,60.00,19.80,0.00
APAC,"North Asia",China,Shanxi,Yuci,4,33,5526.00,812.20,0.00
APAC,"North Asia",China,Shanxi,Yuncheng,1,2,103.00,18.42,0.00
APAC,"North Asia",China,Sichuan,Chengdu,17,117,7880.00,1880.76,0.00
APAC,"North Asia",China,Sichuan,Deyang,1,2,114.00,53.46,0.00
APAC,"North Asia",China,Sichuan,Jiangyou,1,15,1400.00,120.81,0.00
APAC,"North Asia",China,Sichuan,Leshan,2,16,1776.00,126.72,0.00
APAC,"North Asia",China,Sichuan,Mianyang,7,79,9510.00,2227.74,0.00
APAC,"North Asia",China,Sichuan,Nanchong,3,48,4463.00,1489.80,0.00
APAC,"North Asia",China,Sichuan,Neijiang,2,13,1091.00,199.62,0.00
APAC,"North Asia",China,Sichuan,Suining,1,6,897.00,369.57,0.00
APAC,"North Asia",China,Sichuan,Tongchuan,1,3,48.00,18.45,0.00
APAC,"North Asia",China,Sichuan,Xichang,1,36,3714.00,486.45,0.00
APAC,"North Asia",China,Sichuan,Yibin,1,29,2676.00,395.25,0.00
APAC,"North Asia",China,Sichuan,Zigong,5,25,2961.00,614.01,0.00
APAC,"North Asia",China,Tianjin,Hangu,1,6,384.00,162.18,0.00
APAC,"North Asia",China,Tianjin,Tanggu,1,19,417.00,21.72,0.00
APAC,"North Asia",China,Tianjin,Tianjin,19,176,17898.00,4216.37,0.00
APAC,"North Asia",China,"Xinjiang Uygur",Aksu,2,5,1505.00,283.98,0.00
APAC,"North Asia",China,"Xinjiang Uygur",Korla,3,22,1385.00,400.38,0.00
APAC,"North Asia",China,"Xinjiang Uygur",Shihezi,2,31,2669.00,761.34,0.00
APAC,"North Asia",China,Yunnan,Kaiyuan,1,12,545.00,188.01,0.00
APAC,"North Asia",China,Yunnan,Kunming,12,93,10568.00,2185.89,0.00
APAC,"North Asia",China,Zhejiang,Hangzhou,9,59,2312.00,562.20,0.00
APAC,"North Asia",China,Zhejiang,Huzhou,1,6,581.00,156.51,0.00
APAC,"North Asia",China,Zhejiang,Jiaxing,2,11,285.00,72.21,0.00
APAC,"North Asia",China,Zhejiang,Jinhua,2,13,1365.00,102.84,0.00
APAC,"North Asia",China,Zhejiang,Lanxi,1,17,326.00,92.76,0.00
APAC,"North Asia",China,Zhejiang,Linhai,2,9,539.00,36.90,0.00
APAC,"North Asia",China,Zhejiang,Ningbo,6,98,10865.00,1942.21,0.00
APAC,"North Asia",China,Zhejiang,Ninghai,1,16,1619.00,125.07,0.00
APAC,"North Asia",China,Zhejiang,Shangyu,1,7,790.00,235.41,0.00
APAC,"North Asia",China,Zhejiang,Shaoxing,2,16,6336.00,1356.81,0.00
APAC,"North Asia",China,Zhejiang,Wenling,3,9,255.00,99.60,0.00
APAC,"North Asia",China,Zhejiang,Wenzhou,2,7,1266.00,454.98,0.00
APAC,"North Asia",China,Zhejiang,Yiwu,3,11,374.00,85.53,0.00
APAC,"North Asia",China,Zhejiang,Yuyao,1,3,43.00,11.07,0.00
APAC,"North Asia","Hong Kong","Hong Kong",Kowloon,9,70,6148.00,1558.11,0.00
APAC,"North Asia",Japan,Aichi,Anjo,1,2,22.00,8.40,0.00
APAC,"North Asia",Japan,Aichi,Handa,3,22,814.00,119.28,0.00
APAC,"North Asia",Japan,Aichi,Kasugai,3,11,487.00,156.57,0.00
APAC,"North Asia",Japan,Aichi,Toyohashi,2,9,275.00,76.56,0.00
APAC,"North Asia",Japan,Aomori,Hachinohe,1,3,59.00,11.07,0.00
APAC,"North Asia",Japan,Chiba,Funabashi,2,5,194.00,77.04,0.00
APAC,"North Asia",Japan,Chiba,Ichikawa,1,3,62.00,24.30,0.00
APAC,"North Asia",Japan,Chiba,Kawaguchi,1,7,1031.00,133.98,0.00
APAC,"North Asia",Japan,Chiba,Matsudo,3,13,1824.00,724.83,0.00
APAC,"North Asia",Japan,Chiba,Noda,1,25,2310.00,217.77,0.00
APAC,"North Asia",Japan,Fukui,Fukui,1,9,620.00,91.77,0.00
APAC,"North Asia",Japan,Fukuoka,Kawasaki,6,23,1464.00,355.23,0.00
APAC,"North Asia",Japan,Gunma,Sakai,3,38,2564.00,-1180.86,0.00
APAC,"North Asia",Japan,Gunma,Takasaki,1,6,1002.00,230.40,0.00
APAC,"North Asia",Japan,Hiroshima,Fukuyama,1,18,1371.00,380.43,0.00
APAC,"North Asia",Japan,Hiroshima,Kure,1,20,1291.00,310.41,0.00
APAC,"North Asia",Japan,Hokkaido,Asahikawa,2,2,188.00,52.53,0.00
APAC,"North Asia",Japan,Hokkaido,Atsugacho,1,19,370.00,51.84,0.00
APAC,"North Asia",Japan,Hyogo,Amagasaki,1,4,119.00,7.08,0.00
APAC,"North Asia",Japan,Hyogo,Himeji,3,38,2822.00,820.53,0.00
APAC,"North Asia",Japan,Hyogo,Kita-ku,1,3,60.00,18.15,0.00
APAC,"North Asia",Japan,Hyogo,Nishinomiya,2,11,596.00,28.86,0.00
APAC,"North Asia",Japan,Ibaraki,Sakai,2,10,1229.00,-165.44,0.00
APAC,"North Asia",Japan,Ibaraki,Tsukuba,1,2,365.00,21.90,0.00
APAC,"North Asia",Japan,Ishikawa,Takamatsu,2,20,3081.00,1089.75,0.00
APAC,"North Asia",Japan,Kagawa,Takamatsu,3,17,2432.00,341.77,0.00
APAC,"North Asia",Japan,Kanagawa,Aoba-ku,2,22,2041.00,849.69,0.00
APAC,"North Asia",Japan,Kanagawa,Chigasaki,1,3,28.00,13.68,0.00
APAC,"North Asia",Japan,Kanagawa,Fujisawa,1,2,23.00,10.56,0.00
APAC,"North Asia",Japan,Kanagawa,Hiratsuka,2,20,1505.00,433.86,0.00
APAC,"North Asia",Japan,Kanagawa,Kawasaki,3,12,2010.00,543.69,0.00
APAC,"North Asia",Japan,Kanagawa,Sagamihara,1,31,646.00,179.01,0.00
APAC,"North Asia",Japan,Mie,Yokkaichi,2,18,2999.00,1084.50,0.00
APAC,"North Asia",Japan,Nagano,Matsumoto,1,3,14.00,4.86,0.00
APAC,"North Asia",Japan,Nagano,Ueda,1,1,17.00,0.48,0.00
APAC,"North Asia",Japan,Nagasaki,Nagasaki,3,31,4125.00,304.62,0.00
APAC,"North Asia",Japan,Oita,Matsubara,5,39,6302.00,1084.86,0.00
APAC,"North Asia",Japan,Oita,Yokkaichi,3,24,1226.00,157.56,0.00
APAC,"North Asia",Japan,Okayama,Kurashiki,1,2,146.00,11.64,0.00
APAC,"North Asia",Japan,Osaka,Hirakata,3,26,4486.00,1607.61,0.00
APAC,"North Asia",Japan,Osaka,Ibaraki,1,9,153.00,39.87,0.00
APAC,"North Asia",Japan,Osaka,Kita-ku,1,10,1206.00,284.58,0.00
APAC,"North Asia",Japan,Osaka,Sakai,3,17,363.00,-123.32,0.00
APAC,"North Asia",Japan,Osaka,Takatsuki,2,18,576.00,153.00,0.00
APAC,"North Asia",Japan,Osaka,Yao,1,16,794.00,305.34,0.00
APAC,"North Asia",Japan,Saga,Saga,1,16,1137.00,499.44,0.00
APAC,"North Asia",Japan,Saitama,Kawagoe,3,20,3341.00,1107.30,0.00
APAC,"North Asia",Japan,Saitama,Kawaguchi,1,3,370.00,129.42,0.00
APAC,"North Asia",Japan,Saitama,Koshigaya,1,17,1499.00,432.48,0.00
APAC,"North Asia",Japan,Shizuoka,Fuji,2,25,8250.00,3301.29,0.00
APAC,"North Asia",Japan,Shizuoka,Hamamatsu,2,28,6199.00,2193.15,0.00
APAC,"North Asia",Japan,Shizuoka,Nagaoka,1,3,144.00,63.27,0.00
APAC,"North Asia",Japan,Tochigi,Oyama,1,8,384.00,164.34,0.00
APAC,"North Asia",Japan,Tokyo,Edogawa-ku,3,14,1143.00,501.84,0.00
APAC,"North Asia",Japan,Tokyo,Katsushika-ku,1,2,110.00,55.14,0.00
APAC,"North Asia",Japan,Tokyo,Tokyo,21,184,16219.00,3722.52,0.00
APAC,"North Asia",Japan,Tottori,Tottori,1,3,27.00,13.68,0.00
APAC,"North Asia",Japan,Yamaguchi,Shimonoseki,2,11,2242.00,269.76,0.00
APAC,"North Asia",Japan,Yamaguchi,Ube,2,18,4412.00,924.57,0.00
APAC,"North Asia",Mongolia,Ulaanbaatar,"Ulan Bator",1,9,40.00,-17.01,0.00
APAC,"North Asia","South Korea",Busan,Busan,5,43,2436.00,-1581.27,0.00
APAC,"North Asia","South Korea",Daegu,Daegu,6,40,1775.00,-271.16,0.00
APAC,"North Asia","South Korea",Daejeon,Daejeon,8,64,3260.00,-2748.67,0.11
APAC,"North Asia","South Korea",Gangwon,Chuncheon,1,1,22.00,-16.59,0.00
APAC,"North Asia","South Korea",Gyeonggi,Anyang,1,9,1993.00,-185.15,0.00
APAC,"North Asia","South Korea",Gyeonggi,Bucheon,3,25,855.00,-404.60,0.00
APAC,"North Asia","South Korea",Gyeonggi,Goyang,2,27,3424.00,-701.07,0.00
APAC,"North Asia","South Korea",Gyeonggi,Kwangju,3,13,355.00,-219.32,0.00
APAC,"North Asia","South Korea",Gyeonggi,Suwon,4,23,816.00,-41.86,0.00
APAC,"North Asia","South Korea",Gyeongsangnam,Changwon,4,52,2481.00,-752.95,0.00
APAC,"North Asia","South Korea",Jeju,Aewŏl-li,1,14,622.00,-22.32,0.00
APAC,"North Asia","South Korea",Seoul,Seoul,39,303,14304.00,-5369.04,0.01
APAC,"North Asia","South Korea","South Chungcheong",Cheonan,1,3,47.00,-42.12,0.00
APAC,"North Asia","South Korea",Ulsan,Ulsan,4,26,743.00,-436.88,0.17
APAC,"North Asia",Taiwan,"Taipei City",Taipei,5,52,7648.00,1818.60,0.00
APAC,Oceania,Australia,"Australian Capital Territory",Canberra,80,574,33160.00,-5755.96,0.01
APAC,Oceania,Australia,"New South Wales",Albury,13,104,12397.00,1367.80,0.00
APAC,Oceania,Australia,"New South Wales",Armidale,4,37,1776.00,371.79,0.00
APAC,Oceania,Australia,"New South Wales","Broken Hill",5,48,1203.00,355.07,0.00
APAC,Oceania,Australia,"New South Wales",Cessnock,5,31,1592.00,238.41,0.00
APAC,Oceania,Australia,"New South Wales","Coffs Harbour",7,53,7463.00,782.57,0.00
APAC,Oceania,Australia,"New South Wales",Dubbo,10,73,5174.00,1067.03,0.00
APAC,Oceania,Australia,"New South Wales",Forster,5,37,2411.00,388.49,0.00
APAC,Oceania,Australia,"New South Wales",Goulburn,2,18,3311.00,1155.03,0.00
APAC,Oceania,Australia,"New South Wales",Griffith,5,54,3344.00,489.07,0.00
APAC,Oceania,Australia,"New South Wales",Katoomba,3,32,1268.00,88.50,0.00
APAC,Oceania,Australia,"New South Wales",Lismore,6,52,3814.00,792.16,0.00
APAC,Oceania,Australia,"New South Wales",Newcastle,66,505,46036.00,7907.60,0.00
APAC,Oceania,Australia,"New South Wales",Nowra,7,47,5939.00,448.32,0.00
APAC,Oceania,Australia,"New South Wales",Orange,9,44,5291.00,1731.80,0.00
APAC,Oceania,Australia,"New South Wales","Port Macquarie",11,76,5873.00,-131.39,0.00
APAC,Oceania,Australia,"New South Wales",Queanbeyan,15,93,6313.00,1528.47,0.00
APAC,Oceania,Australia,"New South Wales",Sydney,131,975,101952.00,16002.89,0.00
APAC,Oceania,Australia,"New South Wales",Tamworth,10,86,4196.00,1009.44,0.00
APAC,Oceania,Australia,"New South Wales","Wagga Wagga",11,84,8865.00,1186.17,0.00
APAC,Oceania,Australia,"New South Wales",Wollongong,63,468,42253.00,6904.54,0.00
APAC,Oceania,Australia,"Northern Territory","Alice Springs",3,30,6013.00,1677.56,0.00
APAC,Oceania,Australia,"Northern Territory",Darwin,11,71,5094.00,651.02,0.00
APAC,Oceania,Australia,"Northern Territory",Palmerston,6,34,3361.00,1047.00,0.00
APAC,Oceania,Australia,Queensland,Brisbane,98,688,75718.00,10524.76,0.00
APAC,Oceania,Australia,Queensland,Bundaberg,16,126,9241.00,785.07,0.00
APAC,Oceania,Australia,Queensland,Cairns,26,155,9956.00,-3627.41,0.00
APAC,Oceania,Australia,Queensland,Caloundra,41,277,17541.00,2212.94,0.00
APAC,Oceania,Australia,Queensland,Gladstone,4,27,1766.00,-9.58,0.00
APAC,Oceania,Australia,Queensland,"Gold Coast",103,728,72631.00,4453.85,0.00
APAC,Oceania,Australia,Queensland,Mackay,17,163,11939.00,2209.54,0.00
APAC,Oceania,Australia,Queensland,Maryborough,6,33,4869.00,5.80,0.00
APAC,Oceania,Australia,Queensland,"Mount Isa",5,63,4733.00,433.95,0.00
APAC,Oceania,Australia,Queensland,Rockhampton,8,89,3739.00,794.26,0.00
APAC,Oceania,Australia,Queensland,Toowoomba,21,147,7371.00,474.41,0.00
APAC,Oceania,Australia,Queensland,Torquay,3,24,1306.00,-215.34,0.00
APAC,Oceania,Australia,Queensland,Townsville,26,144,17491.00,3565.03,0.00
APAC,Oceania,Australia,"South Australia",Adelaide,72,685,57898.00,8495.56,0.00
APAC,Oceania,Australia,"South Australia",Gawler,5,55,2234.00,557.49,0.00
APAC,Oceania,Australia,"South Australia","Mount Gambier",8,54,4310.00,804.52,0.00
APAC,Oceania,Australia,"South Australia","Murray Bridge",5,41,1884.00,328.58,0.00
APAC,Oceania,Australia,"South Australia",Whyalla,8,89,9226.00,1165.71,0.00
APAC,Oceania,Australia,Tasmania,Burnie,3,32,1286.00,261.49,0.00
APAC,Oceania,Australia,Tasmania,Devonport,8,93,7100.00,848.02,0.00
APAC,Oceania,Australia,Tasmania,Hobart,35,251,12592.00,-1544.87,0.01
APAC,Oceania,Australia,Tasmania,Launceston,13,90,9407.00,887.78,0.00
APAC,Oceania,Australia,Victoria,Ballarat,16,117,9617.00,1264.58,0.00
APAC,Oceania,Australia,Victoria,Bendigo,22,155,12371.00,1955.14,0.03
APAC,Oceania,Australia,Victoria,Echuca,2,12,409.00,75.89,0.00
APAC,Oceania,Australia,Victoria,Geelong,46,340,30995.00,-347.43,0.01
APAC,Oceania,Australia,Victoria,Melbourne,125,811,73850.00,11294.59,0.00
APAC,Oceania,Australia,Victoria,Melton,4,31,1991.00,-11.95,0.00
APAC,Oceania,Australia,Victoria,Mildura,9,79,3557.00,765.14,0.00
APAC,Oceania,Australia,Victoria,Sunbury,7,71,3948.00,-60.45,0.00
APAC,Oceania,Australia,Victoria,Traralgon,7,61,6831.00,-837.89,0.00
APAC,Oceania,Australia,Victoria,Warrnambool,3,40,1169.00,-305.65,0.00
APAC,Oceania,Australia,Victoria,Wodonga,11,83,6577.00,1016.25,0.00
APAC,Oceania,Australia,"Western Australia",Albany,9,110,12035.00,1308.58,0.00
APAC,Oceania,Australia,"Western Australia",Bunbury,13,86,3923.00,149.30,0.05
APAC,Oceania,Australia,"Western Australia",Geraldton,9,72,11269.00,1079.86,0.00
APAC,Oceania,Australia,"Western Australia",Kwinana,8,35,7162.00,1281.23,0.08
APAC,Oceania,Australia,"Western Australia",Mandurah,17,147,12404.00,1797.31,0.00
APAC,Oceania,Australia,"Western Australia",Perth,93,737,64291.00,8633.57,0.00
APAC,Oceania,"New Zealand",Auckland,Auckland,53,346,20154.00,-3993.04,0.00
APAC,Oceania,"New Zealand",Auckland,"Manukau City",46,303,17053.00,-5570.21,0.00
APAC,Oceania,"New Zealand",Auckland,Papakura,6,36,2731.00,-695.84,0.00
APAC,Oceania,"New Zealand",Auckland,Waitakere,14,84,3791.00,-670.58,0.00
APAC,Oceania,"New Zealand","Bay of Plenty",Rotorua,6,18,1000.00,294.96,0.00
APAC,Oceania,"New Zealand","Bay of Plenty",Tauranga,13,54,3570.00,828.99,0.00
APAC,Oceania,"New Zealand","Bay of Plenty",Whakatane,1,16,6531.00,2468.88,0.00
APAC,Oceania,"New Zealand",Canterbury,Christchurch,29,160,14500.00,3057.69,0.00
APAC,Oceania,"New Zealand",Canterbury,Timaru,4,37,3308.00,681.33,0.00
APAC,Oceania,"New Zealand",Gisborne,Gisborne,4,46,1435.00,-1481.03,1.00
APAC,Oceania,"New Zealand","Hawke's Bay",Hastings,5,36,4329.00,1308.54,0.00
APAC,Oceania,"New Zealand","Hawke's Bay",Napier,8,48,5136.00,695.97,0.00
APAC,Oceania,"New Zealand",Manawatu-Wanganui,Levin,1,2,12.00,5.04,0.00
APAC,Oceania,"New Zealand",Manawatu-Wanganui,"Palmerston North",10,58,4171.00,988.62,0.00
APAC,Oceania,"New Zealand",Marlborough,Blenheim,5,38,2849.00,1038.84,0.00
APAC,Oceania,"New Zealand",Nelson,Nelson,5,58,2860.00,-862.70,0.00
APAC,Oceania,"New Zealand",Northland,Whangarei,13,82,10458.00,2303.37,0.00
APAC,Oceania,"New Zealand",Otago,Dunedin,9,77,2676.00,-411.58,0.00
APAC,Oceania,"New Zealand",Southland,Invercargill,6,34,3009.00,1070.22,0.00
APAC,Oceania,"New Zealand",Taranaki,"New Plymouth",8,69,5142.00,1287.09,0.00
APAC,Oceania,"New Zealand",Waikato,Cambridge,1,2,108.00,45.54,0.00
APAC,Oceania,"New Zealand",Waikato,Hamilton,11,90,18397.00,3794.34,0.00
APAC,Oceania,"New Zealand",Waikato,Taupo,4,20,2112.00,619.68,0.00
APAC,Oceania,"New Zealand",Wellington,"Lower Hutt",7,54,3653.00,773.22,0.00
APAC,Oceania,"New Zealand",Wellington,Masterton,2,15,1544.00,242.73,0.00
APAC,Oceania,"New Zealand",Wellington,Paraparaumu,4,43,5215.00,808.08,0.00
APAC,Oceania,"New Zealand",Wellington,Porirua,11,73,6593.00,2173.02,0.00
APAC,Oceania,"New Zealand",Wellington,"Upper Hutt",4,25,1875.00,502.92,0.00
APAC,Oceania,"New Zealand",Wellington,Wellington,25,165,17810.00,5296.20,0.00
APAC,Oceania,"Papua New Guinea","National Capital","Port Moresby",9,76,2928.00,-418.62,0.00
APAC,"Southeast Asia",Cambodia,"Phnom Penh","Phnom Penh",21,154,17476.00,4476.54,0.00
APAC,"Southeast Asia",Indonesia,Aceh,"Banda Aceh",3,24,338.00,-49.68,0.00
APAC,"Southeast Asia",Indonesia,Bali,Denpasar,16,96,6841.00,249.80,0.00
APAC,"Southeast Asia",Indonesia,Bengkulu,Bengkulu,2,9,534.00,167.20,0.00
APAC,"Southeast Asia",Indonesia,Jakarta,Jakarta,164,1226,94318.00,3826.98,0.00
APAC,"Southeast Asia",Indonesia,Jambi,Jambi,7,42,3504.00,740.66,0.00
APAC,"Southeast Asia",Indonesia,"Jawa Barat",Bandung,58,421,36956.00,-33.08,0.00
APAC,"Southeast Asia",Indonesia,"Jawa Barat",Bekasi,33,244,19704.00,1379.16,0.00
APAC,"Southeast Asia",Indonesia,"Jawa Barat",Bogor,18,135,9561.00,721.12,0.00
APAC,"Southeast Asia",Indonesia,"Jawa Barat",Cirebon,4,49,2304.00,124.31,0.00
APAC,"Southeast Asia",Indonesia,"Jawa Barat",Depok,25,184,14959.00,66.52,0.00
APAC,"Southeast Asia",Indonesia,"Jawa Barat",Sukabumi,2,11,2021.00,546.89,0.00
APAC,"Southeast Asia",Indonesia,"Jawa Barat",Tangerang,1,4,315.00,-33.50,0.00
APAC,"Southeast Asia",Indonesia,"Jawa Barat",Tasikmalaya,10,60,6150.00,744.17,0.00
APAC,"Southeast Asia",Indonesia,"Jawa Tengah",Pekalongan,3,14,1196.00,-261.84,0.00
APAC,"Southeast Asia",Indonesia,"Jawa Tengah",Purwokerto,2,9,295.00,-3.78,0.00
APAC,"Southeast Asia",Indonesia,"Jawa Tengah",Semarang,33,264,14644.00,515.36,0.00
APAC,"Southeast Asia",Indonesia,"Jawa Tengah",Surakarta,8,66,5793.00,83.67,0.00
APAC,"Southeast Asia",Indonesia,"Jawa Tengah",Tegal,4,45,3431.00,450.86,0.00
APAC,"Southeast Asia",Indonesia,"Jawa Timur",Jember,7,42,3911.00,291.12,0.00
APAC,"Southeast Asia",Indonesia,"Jawa Timur",Kediri,4,26,2086.00,249.43,0.00
APAC,"Southeast Asia",Indonesia,"Jawa Timur",Malang,13,90,5560.00,731.34,0.00
APAC,"Southeast Asia",Indonesia,"Jawa Timur",Probolinggo,5,25,1118.00,-202.75,0.00
APAC,"Southeast Asia",Indonesia,"Jawa Timur",Surabaya,58,489,37690.00,568.56,0.00
APAC,"Southeast Asia",Indonesia,"Kalimantan Barat",Pontianak,5,22,1398.00,244.27,0.00
APAC,"Southeast Asia",Indonesia,"Kalimantan Selatan",Banjarmasin,6,26,536.00,-59.69,0.00
APAC,"Southeast Asia",Indonesia,"Kalimantan Timur",Balikpapan,9,74,5063.00,320.62,0.00
APAC,"Southeast Asia",Indonesia,"Kalimantan Timur",Samarinda,18,150,10945.00,150.96,0.00
APAC,"Southeast Asia",Indonesia,Maluku,Ambon,2,10,155.00,4.50,0.00
APAC,"Southeast Asia",Indonesia,"Nusa Tenggara Barat",Mataram,4,37,5011.00,-45.02,0.00
APAC,"Southeast Asia",Indonesia,"Nusa Tenggara Timur",Kupang,6,48,4207.00,714.27,0.00
APAC,"Southeast Asia",Indonesia,Papua,Jayapura,3,22,2757.00,-84.95,0.00
APAC,"Southeast Asia",Indonesia,Riau,Dumai,5,32,2248.00,-152.30,0.00
APAC,"Southeast Asia",Indonesia,Riau,Pekanbaru,9,66,3735.00,-566.99,0.00
APAC,"Southeast Asia",Indonesia,"Sulawesi Tengah",Palu,4,23,4203.00,1596.84,0.00
APAC,"Southeast Asia",Indonesia,"Sulawesi Tenggara",Kendari,9,89,9815.00,775.40,0.00
APAC,"Southeast Asia",Indonesia,"Sulawesi Utara",Manado,8,36,3668.00,548.99,0.00
APAC,"Southeast Asia",Indonesia,"Sumatera Barat",Padang,13,78,5514.00,323.43,0.00
APAC,"Southeast Asia",Indonesia,"Sumatera Selatan",Palembang,20,156,11984.00,95.68,0.00
APAC,"Southeast Asia",Indonesia,"Sumatera Utara",Binjai,6,32,2654.00,129.26,0.00
APAC,"Southeast Asia",Indonesia,"Sumatera Utara",Medan,52,424,33564.00,250.80,0.00
APAC,"Southeast Asia",Indonesia,"Sumatera Utara",Pematangsiantar,5,43,3358.00,-80.60,0.00
APAC,"Southeast Asia",Indonesia,Yogyakarta,Depok,25,209,14246.00,25.46,0.00
APAC,"Southeast Asia",Indonesia,Yogyakarta,Yogyakarta,9,85,6597.00,545.29,0.00
APAC,"Southeast Asia",Malaysia,"Kuala Lumpur","Kuala Lumpur",21,157,17176.00,4542.93,0.00
APAC,"Southeast Asia",Malaysia,"Negeri Sembilan",Seremban,7,57,6334.00,2100.69,0.00
APAC,"Southeast Asia",Malaysia,Pahang,Kuantan,9,73,5894.00,1156.56,0.00
APAC,"Southeast Asia",Malaysia,Perak,Ipoh,8,86,7331.00,2741.46,0.00
APAC,"Southeast Asia",Malaysia,Perak,Taiping,4,36,1951.00,570.72,0.00
APAC,"Southeast Asia",Malaysia,Sabah,"Kota Kinabalu",10,92,9535.00,1645.71,0.00
APAC,"Southeast Asia",Malaysia,Sabah,Sandakan,4,49,2778.00,883.38,0.00
APAC,"Southeast Asia",Malaysia,Sabah,Tawau,4,40,2579.00,523.23,0.00
APAC,"Southeast Asia",Malaysia,Sarawak,Kuching,6,20,2045.00,480.39,0.00
APAC,"Southeast Asia",Malaysia,Selangor,"Shah Alam",5,43,3855.00,1055.07,0.00
APAC,"Southeast Asia",Malaysia,Trengganu,"Kuala Terengganu",4,23,1885.00,629.82,0.00
APAC,"Southeast Asia","Myanmar (Burma)",Yangon,Yangon,58,489,34144.00,-2109.26,0.03
APAC,"Southeast Asia",Philippines,Calabarzon,Antipolo,9,82,7934.00,-1002.16,0.00
APAC,"Southeast Asia",Philippines,Calabarzon,Bacoor,6,50,3294.00,-79.74,0.00
APAC,"Southeast Asia",Philippines,Calabarzon,Cainta,4,36,1883.00,-632.94,0.09
APAC,"Southeast Asia",Philippines,Calabarzon,Calamba,3,20,1150.00,-479.09,0.00
APAC,"Southeast Asia",Philippines,Calabarzon,"San Pedro",2,14,250.00,-5.45,0.00
APAC,"Southeast Asia",Philippines,Calabarzon,Taytay,1,7,1879.00,-207.61,0.50
APAC,"Southeast Asia",Philippines,"Central Luzon","Angeles City",3,10,873.00,-8.28,0.00
APAC,"Southeast Asia",Philippines,"Central Luzon","San Jose del Monte",5,61,5365.00,539.36,0.00
APAC,"Southeast Asia",Philippines,Cordillera,"Baguio City",7,69,5741.00,-1302.25,0.06
APAC,"Southeast Asia",Philippines,"National Capital",Caloocan,23,180,7425.00,-1134.93,0.00
APAC,"Southeast Asia",Philippines,"National Capital","Las Pinas",6,46,5046.00,233.20,0.00
APAC,"Southeast Asia",Philippines,"National Capital",Makati,11,82,2664.00,-180.42,0.00
APAC,"Southeast Asia",Philippines,"National Capital",Manila,206,1661,120896.00,-11158.58,0.01
APAC,"Southeast Asia",Philippines,"National Capital",Marikina,8,64,6948.00,276.03,0.00
APAC,"Southeast Asia",Philippines,"National Capital",Pasig,9,61,2196.00,-567.79,0.06
APAC,"Southeast Asia",Philippines,"National Capital",Valenzuela,9,61,4082.00,-115.04,0.00
APAC,"Southeast Asia",Philippines,"Northern Mindanao",Valencia,5,24,2341.00,149.37,0.00
APAC,"Southeast Asia",Philippines,"Western Visayas","Bacolod City",9,78,3466.00,-451.96,0.00
APAC,"Southeast Asia",Singapore,Singapore,Singapore,72,550,39761.00,8706.30,0.00
APAC,"Southeast Asia",Thailand,Bangkok,Bangkok,132,1078,75701.00,-7214.32,0.01
